text,score
मिकी वाइरस पूरी तरह से मनीष पॉल की फिल्म है और फिल्म में उनकी इमेज के हिसाब से ही दृश्य और स्थितियां रची गई थीं,1
मनीष ने अपने किरकार को बखूबी निभाया है,1
"उन्होंने शाहिद के डर, खौफ, संघर्ष, जिद और जीत को बखूबी व्यक्त किया है",1
वे हर भाव के दृश्यों में नैचुरल लगते हैं,1
फिल्म की कास्टिंग जबरदस्त है,1
"शाहिद के भाइयों, मां और पत्‍‌नी की भूमिकाओं में भी उपयुक्त कलाकारों का चयन हुआ है",1
फिल्म के कोर्ट रूम सीन रियल हैं,1
अक्षय कुमार का अल्हड़ और बेफिक्र अंदाज मुग्ध करता है,1
कैमरे के सामने उनका गहन आत्मविश्वास मुखर रहता है,1
उन्हें कुछ चटपटे संवाद भी मिले हैं,1
वे सीमित दृश्यों में भी अपनी प्रतिभा जाहिर कर देते हैं,1
फराज हैदर ने भारत-पाकिस्तान के बीच विभाजन के बाद जारी पीढि़यों की तनातनी और युद्ध के माहौल को शांति और अमन की सोच के साथ मजाकिया तौर पर पेश किया है,1
फराज हैदर का विचार प्रशंसनीय है,1
फिल्म गाने ही,1
"का एक जबरदस्त आकर्षण चुलबुल (ऋषि कपूर) और बुलबुल (नीतू सिंह) की जोड़ी है
 फिल्म के ग्रेस मा‌र्क्स हैं",1
चंदन रॉय सान्याल एक उम्दा अभिनेता हैं इसमें कोई शक नहीं है,1
फिल्म की एक और महत्वपूर्ण बात इसका कैमरा है जो लगातार मूविंग रहता है,1
नएपन के बावजूद सभी कलाकारों के परस्पर तालमेल से दृश्य रोचक हुए हैं,1
खौफ के एहसास के बाद उनके चेहरे पर आया डर इस फिल्म की खूबी है,1
पानी में तैरते हुए ही उन्हें सारे भाव व्यक्त करने थे,1
"रितेश बत्रा की 'द लंचबॉक्स' सुंदर, मर्मस्पर्शी, संवेदनशील, रियलिस्टिक और मोहक फिल्म है",1
हिंदी फिल्मों में मनोरंजन की आक्रामक धूप से तिलमिलाए दर्शकों के लिए यह ठंडी छांव और बार की तरह है,1
तपतपाते बाजारू मौसम में यह सुकून देती है,1
"इरफान (साजन) और निम्रत कौर (इला) सहज, संयमित और भावपूर्ण अभिनय के उदाहरण हैं",1
डायनिंग हॉल के टेबल पर अपरिचित टिफिन को खोलते समय इरफान के एक-एक भाव को पढ़ा सकता है,1
टिफिन खोलते और व्यंजनों की सूंघते-छूते समय इरफान के चेहरे पर संचरित भाव अंतस की खुशी जाहिर करता है,1
उनकी सही टाइमिंग और कॉमिकल अप्रोच से फिल्म कहीं-कहीं इटरेस्टिंग हो जाती ह,1
इन दृश्यों में फिल्म हंसाती भी है,1
उनकी सही टाइमिंग और कॉमिकल अप्रोच से फिल्म कहीं-कहीं इटरेस्टिंग हो जाती है,1
उन्होंने हमेशा ऐसी फिल्मों के दृश्यों को अपने संगीत से प्रभावपूर्ण बना दिया है,1
प्यार और रोमांस के प्रति यूथ का ढुलमुल और अस्पष्ट रवैया फिल्म में अच्छी तरह से चित्रित हुआ है,1
फिल्म का गीत-संगीत नया और विषय के अनुकूल है,1
वे उद्गार से अधिक संभाषण और संवाद लगते है,1
उसी प्रकार की कृत्रिमता का एहसास 'जंजीर' देख कर हो सकता है,1
मल्टीप्लेक्स के दर्शकों को मजा भी आएगा,1
शूजीत सरकार ने इस फिल्म में सीमित रेंज के अभिनेता की क्षमताओं का सुंदर इस्तेमाल किया है,1
जॉन अब्राहम ने किरदार की अपेक्षाओं पर खरा उतरने की कोशिश की है,1
निर्देशक की अपारंपरिक कास्टिंग से फिल्म की विश्वसनीयता बढ़ गई है,1
फिल्म के लेखकों की मेहनत ही दस्तावेजी विषय को एक रोचक फिल्म में बदलती है,1
कुछ ही दृश्यों में इमरान खान की मेहनत सफल होती दिखती है,1
अक्षय कुमार के चरित्र को स्टाइल देने में सफलता मिली है,1
फिल्म सरल होती हैं और देश के आम दर्शकों से सीधा संबंध बनाती हैं,1
रोहित शेट्टी की फिल्मों में उदास रंग नहीं होते,1
कलाकारों के कपड़ों से लेकर पृष्ठभूमि की प्रापर्टी तक में यह कंटीन्यूटी बनी रहती,1
सारे झकास रंग होते हैं और बिंदास प्रसंग रहते हैं,1
बीए पास' सामाजिक जीवन में विमर्श के अनेक पहलुओं को छूती हुई निकल जाती है,1
अपनी तकनीकी टीम की मदद से निर्देशक ने फिल्म के परिवेश को रियल रखा है,1
"एक अंतराल के बाद ऐसी फिल्म आई है, जिस के किरदारों के नाम थिएटर से निकलने के बाद भी याद रहते हैं",1
तीनों किरदारों को अच्छी तरह गढ़ा गया है,1
उनकी संवाद अदायगी स्पष्ट औच्च्च्च्छी है,1
इन ख्वाहिशों को निर्देशक ने रोचक तरीके से चित्रित किया है,1
कलाकारों में रवि किशन के इस अंदाज में देखना अच्छा लगता है,1
ऊपर से सभ्य-सुशील और अंदर से शातिर-शैतान व्यक्ति को उन्होंने अच्छी तरह पर्दे पर उतारा है,1
अदायगी की उनकी छटा देखते ही बनती है,1
"अन्य कलाकारों में रणवीर शौरी, विनय पाठक, विशाखा सिंह उल्लेखनीय हैं",1
फिल्म का गीत-संगीत बेहतर है,1
फिल्मों में कला की अपेक्षा रखने वाले दर्शकों के लिए किरण राव की यह कलात्मक सौगात है,1
"दृश्यबंध और संरचना, शिल्प और मू‌र्त्तन एवं प्रस्तुति में आनंद गांधी हिंदी आर्ट फिल्म निर्देशकों की परंपरा से जुड़ते हैं",1
फिल्म की शुरुआत शानदार है,1
राकेश ओमप्रकाश मेहरा ने बखूबी उस दर्शक के परिवेश और समाज के साथ प्रस्तुत किया है,1
यह फिल्म किशोर और युवा दर्शकों को अवश्य देखनी-दिखानी चाहिए,1
फरहान अख्तर ने मिल्खा के बाह्य रूप के साथ आंतरिक कसावट को भी आत्मसात किया है,1
वे शुरु से आखिर तकमिल्खा सिंह बने रहे हैं,1
बाल मिल्खा बने कलाकार ने उनके लिए उचित जमीन तैयार की है,1
रसून जोशी ने बहुत खूबसूरती और प्रभावशाली तरीके से देश के बंटवारे को फिल्म में गूंथा है,1
प्रसून जोशी ने फ्लैशबैक और फिर उसमें फ्लैशबैक के शिल्प से कहानी को रोचक आयाम दिए हैं,1
मिल्खा के चरित्र में हमारी रुचि बनी रहती है,1
आप पाएंगे कि चाहे-अनचाहे उसकी मासूमियत और कोमलता ने आप को भिगो दिया है,1
"इस प्रेम कहानी का धोखा खलता जरूर है,लेकिन वह छलता नहीं है।",1
विक्रम छठे दशक के बंगाल की पृष्ठभूमि में एक रोचक और उदास प्रेम कहानी चुनते हैं,1
वह किरदारों का विरेचन करता है और आखिरकार दर्शक के सौंदर्य बोध को उष्मा देता है,1
अपनी दूसरी फिल्म में ही विक्रम सरल और सांद्र निर्देशक होने का संकेत देते हैं। ठोस उम्मीद जगाते हैं,1
फिल्म में आई बनारस की झलक सम्मोहक है,1
आनंद राय ने बहुत खूबसूरती और सोच से कुंदन के चरित्र को गढ़ा है,1
"बाकी किरदारों में भी उनकी सोच झलकती है, लेकिन कुंदन अप्रतिम है धनुष की निर्मल और स्वच्छ अभिनय कुंदन के किरदार को प्रिय और विश्वसनीय बना देता है",1
'रांझणा' के लेखक हिमांशु शर्मा को अतिरिक्त धन्यवाद,1
"उन्होंने बनारस के रंग, तंज, तेजाबी प्रवृति और चरित्रों को दृश्यों ,शब्दों और संवादों में तीक्ष्णता से उतारा है",1
"फिर भी राजकुमार गुप्ता ने जिस संजीदगी और नवीनता के साथ किरदारों को गढ़ा और रचा है, वे इन कमियों को ढक देते हैं",1
इसमें उन्हें इमरान हाशमी और विद्या बालन से मदद मिलती है,1
दोनों कलाकार अंत तक अपने किरदारों में रहे हैं,1
राजकुमार गुप्ता की तारीफ करनी होगी कि उन्होंने कहानी के सस्पेंस को उसके खुलने तक बनाए रखा है,1
उनके चरित्र को गढ़ने में लेखक-निर्देशक ने मेहनत भी की है,1
के के मेनन और सुनील शेट्टी की मेहनत दिखाई पड़ती है,1
ड्रामा और एक्शन का स्तर बढ़ाया है,1
बावजूद इसके उस कहानी में नयापन लाकर दर्शकों के सामने प्रस्तुत करना एक बड़ी चुनौती थी जिसे निर्देशक ने बखूबी निभाया है,1
कैमरा वर्क और एडिटिंग डिपार्टमेंट ने स्क्रीनप्ले का पूरी तरह से साथ निभाया है,1
अभिनय की अगर बात की जाए तो अक्षय खन्ना बाजी मार ले जाते हैं और उनकी उपस्थिति फ़िल्म को एक अलग लेवल पर ले जाती है,1
सिद्धार्थ मल्होत्रा और सोनाक्षी सिन्हा ने भी किरदारों के साथ न्याय किया है,1
इस तरह की फ़िल्में शायद आप घर तक साथ ना ले जा पाएं मगर मनोरंजन की पूरी गारंटी होती है,1
एक स्ट्रांग स्टोरीलाइन भी डाली है जो इसे अधिक रोचक बनाता है,1
सभी का परफॉमेंस जबरदस्त रहा है,1
कुल मिलाकर 'गोलमाल अगेन' एक मनोरंजक फ़िल्म है,1
"एक ऐसी फ़िल्म जो ना सिर्फ आपके दिल को छू जाती है, बल्कि आपकी ज़िंदगी का हिस्सा भी बन जाती है",1
"ये फ़िल्म आपको हंसाती है, रुलाती है और आपके सपनों को हक़ीक़त में बदलने का एक भरोसा जगाती है",1
"निर्देशक अद्वैत चंदन अपनी डेब्यू फ़िल्म में ही वह परचम लहराने में सफल रहे हैं, जो एक मंझा हुआ फ़िल्ममेकर ही कर सकता है",1
इंसिया के किरदार में ज़ायरा वसीम पूरी तरह से छा जाती हैं,1
"मां-बेटी के भावनात्मक संबंधों के लिए, सपने देखने वाले हर उस दिल के लिए जो किसी बंधन में नही बंधता..यह फ़िल्म 'सीक्रेट सुपरस्टार' ज़रूर देखी जानी चाहिए",1
उनकी उपस्थिति फ़िल्म को दूसरे आयाम पर ले जाती है,1
रितेश शाह राजा मेनन और सुरेश नायर ने बहुत ही खूबसूरती से इसका स्क्रीनप्ले बनाया है,1
लंबे समय के बाद राजपाल यादव को पर्दे पर देखना सुखद था,1
फ़िल्म की सिनेमेटोग्राफी कमाल की है,1
प्लास्टिक फिल्मों से दूर एक ईमानदार फिल्म है 'न्यूटन',1
यह फिल्म इतनी ईमानदार है कि आपको बरबस ही समानांतर सिनेमा का वह सुनहरा दौर याद आ जाता है,1
"कंगना ने ज़बरदस्त परफॉर्मेंस किया है, इस बात के लिए उनकी तारीफ़ करनी होगी",1
सिनेमेटोग्राफी तो शानदार है,1
फ़िल्म के संवादों पर किरदार के हिसाब से विशेष मेहनत की गई है यह भी साफ़ दिखता है,1
'पोस्टर बॉयज़' एक मनोरंजक फ़िल्म है जिसे देखते हुए आप अपने ठहाके रोक नहीं पाएंगे,1
श्रेयस एक अभिनेता के तौर पर फ़िल्म को बांधे रखते हैं,1
फ़िल्म का कैमरा वर्क और एडिटिंग एकदम सटीक है,1
सिनेमेटोग्राफी उम्दा है,1
अजय देवगन ने शानदार परफॉर्मेंस दिया,1
फ़िल्म के गाने ज़रूर कर्णप्रिय हैं,1
इसी गंभीर मुद्दे पर स्वस्थ्य कॉमेडी ट्रीटमेंट के साथ प्रसन्ना ने एक रोचक फ़िल्म बनाई है,1
'शुभ मंगल सावधान' पूरी तरह से मनोरंजक और जिम्मेदार फ़िल्म है,1
"लेकिन, राइटर्स ने इस फ़िल्म को बहुत ही खूबसूरती से लिखा है",1
"कहीं भी अश्लीलता नज़र नहीं आती, यह वाकई तारीफ के काबिल है",1
कई जगह मेटाफ़र का इस्तेमाल बड़ी ही खूबसूरती से किया गया है,1
अभिनय की बात की जाए तो आयुष्मान खुराना को अपना सुर मिल गया है और वह फ़िल्म दर फिल्म एक नई ऊंचाइयां छू रहे हैं,1
भूमि पेडनेकर ने भी शानदार अभिनय किया है,1
शुभ मंगल सावधान' अपने हर विभाग में एक संपूर्णता लिए हुए है,1
"यह फ़िल्म आपको गुदगुदाएगी, हंसाएगी और सोचने पर मजबूर भी करेगी",1
कुछ गाने आपके पांव को थिरका भी देते हैं,1
कुछ गाने वाकई दिल को छू लेते हैं,1
फ़िल्म 'टॉयलेट: एक प्रेम कथा' निश्चित तौर पर एक ईमानदार प्रयास है,1
ये डायरेक्टर अश्विनी अय्यर तिवारी ने बड़ी ही खूबसूरती से फ़िल्माया है,1
इसी मुद्दे पर फ़िल्म बनाने का प्रयास सराहा जाना चाहिए,1
साथ ही यह फ़िल्म अक्षय कुमार और भूमि पेडनेकर के शानदार परफॉर्मेंस के लिए देखी जा सकती है,1
यूरोप की खूबसूरत यात्रा कराती फ़िल्म आप में प्रेम का एक अलग अहसास जगाती है,1
शाह रुख़-अनुष्का की केमिस्ट्री शानदार है,1
संगीत अच्छा है,1
अनीस बज़्मी ने अपनी फ़िल्म मुबारकां में इस जिम्मेदारी को बखूबी निभाया है,1
वो खुद लेखक भी हैं तो कई सारी चीज़ों को बेहतरीन तरीके से तार्किक बना देते हैं,1
फ़िल्म का प्रोडक्शन बहुत ही ग्रैंड तरीके से किया गया है,1
साथ ही फ़िल्म का संगीत भी काफी अच्छा है,1
कुल मिलाकर मुबारकां एक मनोरंजक मसाला फ़िल्म है,1
"जो आपको कभी गुदगुदाएगी, ठहाके लगवायेगी और कहीं-कहीं आपको भावुक भी कर देगी",1
"मगर मधुर इसे एक इंफोटेनमेंट बनाने में कामयाब हुए हैं , जिसमें इन्फॉर्मेशन भी है और इंटरटेनमेंट भी",1
अभिनय के बारे में बात करें तो कीर्ति कुल्हरी 'इंदु सरकार' के तौर पर पूरी फ़िल्म अपने कंधों पर लेकर चली हैं और सफ़ल भी रही हैं,1
नील नितिन मुकेश भी अपने किरदार में एकदम जंचे हैं,1
तोता रॉय चौधरी नवीन के किरदार को ज़िंदा कर देते हैं,1
मुन्ना माइकल है मनोरंजन का अच्छा पैकेज,1
एेसे में डांस उसको कैसे दूसरे शहरों में लेकर जाता है यह बखूबी दिखाया गया है,1
नवाज ने फौजी की भूमिका में एक नया आयाम छुआ है,1
फिल्म के लीड एक्टर टाइगर श्रॉफ ने शानदार डांस मूव्स किए हैं और उनकी बॉडी भी लाजवाब है,1
ये फिल्म उन दर्शकों के लिए है जो वाकई कुछ हटकर देखना चाहते हैं,1
उन्होंने प्रिडिक्टेबल स्टोरी होते हुए भी दर्शकों को एंगेज करने वाला स्क्रीनप्ले रचा है,1
डांस की बात की जाए तो कोरियोग्राफी कमाल की हुई है,1
इस फिल्म को देखना बिल्कुल भी समय की बर्बादी नहीं है चूंकि यह फिल्म आपको सोचने पर मजबूर करती है,1
अर्पिता भी अपने किरदार में खरी उतरती हैं,1
रवीना टंडन का परफॉर्मेंस लाजवाब है,1
सेकंडहाफ में वो अपना रीदम वापस पा लेते हैं,1
परफॉर्मेंस लेवल पर बात करें तो रणबीर कपूर वैसे ही एक समर्थ अभिनेता है,1
सिनेमेटोग्राफर रवि बर्मन फ़िल्म की ख़ूबसूरती को कई कदम आगे ले जाते है,1
एडिटिंग भी शार्प है,1
प्रीतम का संगीत कमाल का है,1
बच्चों को ये फ़िल्म जरूर पसंद आएगी और साथ ही साथ एक मैसेज भी पूरी मजबूती के साथ फ़िल्म देती है,1
"अनुराग बासु की ‘जग्गा जासूस’ जिंदगी, जादू, रोमांच की रहस्यमयी व पेचीदा कायनात गढ़ने का एक सराहनीय प्रयास है",1
कहानी बड़ी होशियारी से अपनी अपील को बच्चों के मिजाज से उड़ान भरते हुए युवा व परिपक्‍व सोच-अप्रोच का विस्तार प्रदान करती है,1
फिल्म की खूबी कथाभूमि के दिलचस्प प्रयोग हैं,1
फिल्‍म के सभी किरदारों को कलाकारों की सधी हुई अदायगी का साथ मिलता है,1
फिल्म संगीत कहानी की लय में चार चांद लगाता है,1
स्क्रिप्ट की सीमित सीमाओं में उन्होंने बेहतरीन काम किया है,1
छोटे शहरों के लोगों की भोलेपन और मासूमियत को बखूबी उकेरा है,1
उन्होंने किरदार के साथ पूरा न्याय किया है,1
उन्होंने किरदार को शिद्दत से निभाया है,1
गुड्डी के रूप में एक पतिव्रता नारी को तन्‍वी आजमी ने बखूबी चित्रित किया है,1
निर्देशक रवि उदयवार प्रभावी सीन गढ़ने में खासे सफल रहे हैं,1
बैकग्राउंड स्कोर की मदद व कैमरे के एरियल शॉट ने उसे और निखारा है,1
देवकी व डीके के रोल में उन दोनों का काम सराहनीय है,1
अदनान सिद्दीकी की स्‍क्रीन मौजूदगी जादुई है,1
गानों के बोल और सीन के फिल्माने में उपयुक्त गहराई झलकती है,1
सुनील दर्शन ने लकदक लोकेशन को बखूबी कैमरे में कैप्चर किया है,1
वे अपनी भाव-भंगिमाओं से फिल्‍म के कथ्‍य को प्रभावशाली बनाते हैं,1
खास कर जू जू और माटिन बेहद नैचुरल और दिलचस्‍प हैं,1
"बंपी, बलजीत, ओमकार और ईशिता ने मुंबई और दिल्ली की टिपिकल खूबियों-खामियों को दिलचस्प रंग-रूप प्रदान किए हैं",1
थ्रिलर और कॉमेडी को संतुलित करते हुए बीच की राह पकड़ी गई हैं,1
जुगनू की भूमिका में लोग उनके हुनर के नए पहलू से वाकिफ होंगे,1
मराठी मानुष के चरित्र को उन्होंने बखूबी निभाया है,1
यहां कृति सैनन और सुशांत सिंह राजपूत दोनों की तारीफ करनी होगी कि उन्‍होंने बेहिचक सायरा और शिव के किरदारों को निभाया है,1
उनके बीच की केमिस्‍ट्री पर्दे पर दिखती हैं,1
उन्‍होंने सभी किरदारों और उन्‍हें निभा रहे कलाकारों को अपनी तरह से खुलने का मौका दिया है। यही इस फिल्‍म की खूबसूरती है,1
रणवीर शौरी और कल्कि कोचलिन का अभिनय उल्‍लेखनीय है,1
शुटु के किरदार में विक्रांत मैसी प्रभावित करते हैं,1
सिनेमाघर में हर्ष से चिल्लाने का मन करेगा,1
साकेत चौधरी निर्देशित ‘हिंदी मीडियम’ एक अनिवार्य फिल्‍म है,1
वे निजी प्रयास और दखल से घिसे-पिटे और स्‍टॉक दृश्‍यों को अर्थपूर्ण और प्रभावशाली बना देते है,1
फिल्‍म के इस हिस्‍से में कलाकारों का इम्‍प्रूवाइजेशन गौरतलब है,1
किरदार और कलाकार दोनों ही दर्शकों की हमदर्दी हासिल कर लेते हैं,1
सामान्‍य सी पंक्तियों में वे अपने अंदाज से हास्‍य और व्‍यंग्‍य पैदा करते हैं। वे हंसाने के साथ भेदते हैं।,1
ऐसी फिल्में कांसेप्ट और विषय के रूप में अच्छी और आकर्षक लगती हैं,1
निस्संदेह परिणीति चोपड़ा और आयुष्मालन खुराना दोनों ने बेहतरीन अभिनय किया हैं,1
निर्देशक अक्षय राय ने बंगाल की पृष्ठभूमि को अच्छी तरह रचा है,1
पहले ही दृश्य से परिवेश की बारीकी पर उन्होंने ध्यान दिया है,1
आयुष्मान खुराना और परिणीति चोपड़ा दोनों में निखार आया है और आत्मविश्वास बढ़ा है,1
संगीत निर्देशकों ने संगीत की मधुरता और रवानी बनाए रखी हैं,1
‘बाहुबली 2’ भव्‍यता और विशालता में पहली से ज्‍यादा बड़ी और चमकदार हो गई हैं,1
फिल्‍म की एक्‍शन कोरियोग्राफी के लिए एक्‍शन डायरेक्‍टर और कलाकार दोनों ही बधाई और सराहना के पात्र हैं,1
उन्‍होंने लेखक के विजयेन्‍द्र प्रसाद की कल्‍पना को चाक्षुष उड़ान दी है,1
कहानी की दृश्‍यात्‍मक अभिव्‍यंजना श्रेष्‍ठ और अतुलनीय है,1
"दर्शकों को आनंदित भी करती है, क्‍योंकि इसके पहले इस स्‍तर और पैमाने का विजुअल और वीएफएक्‍स नहीं देखा गया हैं",1
फिल्‍म देखते हुए साफ पता चलता है कि लेखक और निर्देशक को पत्रकार और पत्रकारिता की कोई जानकारी नहीं है,1
‘नूर’ में बतौर अभिनेत्री सोनाक्षी सिन्‍हा कुछ नया करती हैं,1
"बहरहाल, विद्या बालन ने बेगम जान के किरदार को तन-मन दिया है",1
उन्होंने उसके रुआब और शबाब को संजीदगी से पर्दे पर उतारा है,1
उनकी संवाद अदायगी और गुस्सैल अदाकारी बेहतर है,1
ललित बहल और आदिल हुसैन ने पिता-पुत्र के किरदार में बगैर नाटकीय हुए संवेदनाओं को जाहिर किया है। दोनों उम्दा कलाकार हैं,1
राजीव की बेबसी और लाचारगी को आदिल हुसैन ने खूबसूरती से व्यक्त किया हैं,1
उन्‍हें इस प्रयास में विफलता हाथ लगी है,1
संजय मिश्रा अपने हाजिरजवाब अंदाज से कबीर भाई को दिलचस्प बना गए हैं,1
कंप्यूटर से बनाई गई इमेजेज काफी असरदार और चमकदार है,1
भविष्य की दुनिया को विस्तार देने के लिए कल्पना का शानदार उपयोग किया हैं,1
"फ़िल्म की जो बात सबसे ज़्यादा प्रभावित करती है, वो है इसका प्रोडक्शन डिज़ाइन, ख़ासकर मैट्रिक्स और रोबोट",1
अदाकारी के लिहाज से पिया बाजपेयी ने जूलिएट के किरदार को बखूबी पर्दे पर पेश किया,1
नई अभिनेत्रियों मे पिया बाजपेयी में ताजगी है। वह किसी की नकल करती नहीं दिखती,1
तापसी पन्‍नू फिल्‍म दर फिल्‍म निखरती जा रही हैं,1
किरदारों की बारीकियों को वह पर्दे पर ले आती हैं,1
उनके एक्‍सप्रेशन संतुलित और किरदार के मिजाज में होते हैं,1
निर्देशक शिवम नायर ने मिली हुई स्क्रिप्‍ट के साथ न्‍याय किया है,1
फिल्म में तर्क और विचार को परे कर दें तो यह रोचक फिल्म है,1
दिलजीत दोसांझ ने उनके चित्रांकन में जान डाल दी है,1
"हिंदी फिल्‍मों की लीक से हट कर बनी इस फिल्‍म में राजकुमार राव जैसे उम्‍दा अभिनेता हैं, जो विक्रमादित्‍य मोटवाणी की कल्‍पना की उड़ान को पंख देते हैं",1
उनकी यह कोशिश फिल्‍म को अलग ढंग से रोचक और मनोरंजक बनाती हैं,1
छोटे-बड़े शहर और मल्‍टीप्‍लेक्‍स-सिंगल स्‍क्रीन के दर्शक इसे पसंद करेंगे,1
उन्‍होंने बहुत खूबसूरती से झांसी के सामाजिक ढांचे में मौजूद जकड़न और आ रहे बदलाव का ताना-बाना बुना है,1
फिल्‍म अपना संदेश कह जाती है,1
शशांक खेतान ने किरदारों के बीच इमोशन की मात्रा सही रखी है,1
वरुण और आलिया दोनों पर्दे पर साथ होने पर अतिरिक्‍त आकर्षण पैदा करते हैं,1
फिल्‍म के अन्‍य किरदारों में आए कलाकार भी अपनी भूमिकाओं में सक्षम हैं,1
"उनके योगदान से ‘बद्रीनाथ की दुल्‍हनिया’ ऐसी रोचक,मनोरंजक और सार्थक हो पाई",1
बद्री के दोस्‍त के रूप में साहिल वैद का अलग से उल्‍लेख होना चाहिए,1
हिंदी फिल्‍मों के पारंपरिक किरदार ‘दोस्‍त’ को उन्‍होंने अच्‍छी तरह निभाया है,1
उनमें गजब की स्‍फूर्ति है। वे एक्‍शन दृश्‍यों में सक्षम और गतिशील,1
इस फिल्‍म का एक्‍शन प्रभावशाली है,1
आशुतोष राणा और अरबाज खान ने अपनी संजीदगी दिखाई है,1
आलिया के दोस्‍त एलेक्‍स के रूप में आए हिमांश कोहली‍ का व्‍यक्तित्‍व आकर्षक है,1
एक खूबसूरत फिल्म है,1
"एक बार फिर दोनों कलाकारों को बेहतरीन किरदार मिले हैं, जिन्हें पूरी संजीदगी से उन्होंने निभाया है",1
मिस जूलिया के रूप में कंगना रनोट आरंभिक दृश्यों में ही भा जाती हैं,1
इस फिल्म के गानों के फिल्मांकन में विशाल भारद्वाज ने भव्यता बरती है,1
उनकी भाव-भंगिमाओं में अनोखापन है,1
‘द गाजी अटैक’ में लेखक-निर्देशक ने सराहनीय सावधानी बरती है,1
लेखक दोनों के बीच चल रहे माइंड गेम को अच्छी तरह उकेरा है,1
"मुख्य कलाकारों केके मेनन,अतुल कुलकर्णी,राहुल सिंह और राणा डग्गुबाती ने उम्दा अभिनय किया है",1
‘इरादा’ कथ्य और मुद्दे के हिसाब से बेहतरीन और उल्लेखनीय फिल्म हैं,1
अक्षय कुमार की फिल्म 'जॉली एलएलबी 2' का इंतजार दर्शकों को बेसब्री से था।,1
क्योंकि 'जॉली एलएलबी' जो पहले आई थी उसमें अरशद वारसी के साथ दर्शकों ने काफी आनंद लिया था।,1
जब कहानी में नयापन ना हो तो स्क्रीनप्ले में उस तरह का नयापन लाना वाकई मुश्किल काम है,1
परफॉर्मेंस लेवल पर बात करें तो अक्षय कुमार ने जॉली का किरदार बहुत बेहतरीन ढंग से निभाया है,1
यह कथ्य प्रधान फिल्म है। लेखक व निर्देशक की ईमानदारी और साचे पर गौर करने की जरूरत है,1
रितिक रोशन को ‘काबिल’ लोकप्रियता के नए स्तर पर ले जाएगी,1
उनके दर्शकों का दायरा बढ़ाएगी,1
सभी घटनाओं और एक्शन में विश्वसनीय कल्पना है,1
उन्होंने रोहन के किरदार को सटीक रंग और ढंग्र दिया है,1
उन्होंने छोटे वाक्य और आज के शब्दों में भाव को बहुत अच्छी तरह व्यक्त किया है,1
सहयोगी कलाकारों में रोनित रॉय और रोहित रॉय सगे भाइयों की कास्टिंग जबरदस्त है,1
दोनों ने अपने किरदारों का ग्रे शेड अच्छी तरह पेश किया हैं,1
"निस्संदेह, शाह रुख खान ने कुछ अलग करने की कोशिश की हैं",1
"यह उस कसौटी पर तमाम कलाकारों, फिल्मकार और फिल्म से जुड़े हर विभाग के लोगों के अथक प्रयास से पूर्णत: खरी उतरी",1
यह मनोरंजन और मैसेज का मारक मिश्रण बन उभर और निखर कर सभी के सामने आई,1
"इस महागाथा को रोचक, प्रेरक और रोमांचक तरीके से पेश किया है",1
बल्लू सलूजा की एडीटिंग धारदार है,1
उन्होंने पटकथा इंच मात्र भी बोझिल नहीं होने दी है,1
यह आमिर खान की एक और दमदार फिल्म हैं,1
वजनी महावीर फोगाट के रूप में उनका कायांतरण अलहदा,1
फिल्म का गीत-संगीत असरदार और कहानी को आगे बढ़ाने वाला है,1
फिल्म देखने के बाद लगा वक्त न्यायोचित लगता है,1
इसमें अगला नेशनल अवार्ड जीतने की तमाम खूबियां हैं,1
लेखक निर्देशक ने सस्पेंस रचा है,1
इस रहस्य कथा को दिखाने और सुनाने का तरीका नया चुनने का प्रयास हुआ हैं,1
उन्हों ने स्क्रिप्ट के दायरे में उम्दा करने का प्रयास किया है,1
रणवीर सिंह ने धरम की बेचैनी और कूपमंडूक प्रवृत्ति को बखूबी आत्मसात किया है,1
शायरा के अवतार में वाणी की नृत्य-क्षमता का भरपूर इस्तेमाल हुआ है,1
यह अलहदा फिल्म हैं,1
"इसमें भी रोमांच, रहस्य और विद्या हैं, लेकिन इस फिल्म की कहानी बिल्कुल अलग हैं",1
दुर्गा रानी सिंह और विद्या सिन्हा के रूप में एक ही औरत के दो व्यक्तियों को उन्होने बखूबी समझा और प्रभावशाली तरीके से जीवंत किया हैं,1
लेकिन लीक से अलग स्वतंत्र किरदार निभाने में वह माहिर हैं।,1
"राजीव रुइया ने सस्पेंस, थ्रिल और हॉरर का संयोजन ख़ूबसूरती से किया हैं",1
हॉरर में बैकग्राउंड म्यूज़िक काफी महत्त्व रखता है। उसमें भी फ़िल्म सफल होती है।,1
शाहरुख खान अपनी प्रचलित छवि से अलग साधारण किरदार में सहज हैं,1
उनका चार्म बरकरार हैं,1
वह अपने अंदाज और किरदार के मिजाज से आकर्षक लगते हैं,1
आलिया भट्ट अपनी पीढ़ी की समर्थ अभिनेत्री के तौर पर उभर रही हैं,1
"क्यारा के अवसाद, द्वंद्व और महात्वाकांक्षा को उन्होंने दृश्यों के मुताबिक असरदार तरीके से पेश किया है",1
उन्होंंने किरदार की निराशा और ललक को अच्छी तरह व्यक्त किया है,1
फिल्म में गति है। पर्याप्त एक्शन है,1
जॉन अब्राहम एक्शन दृश्यों में यों भी अच्छे और विश्वसनीय लगते हैं।,1
फिल्म की पृष्ठाभूमि में संगीत का पूरा उपयोग हुआ है,1
बतौर अभिनेत्री उनमें ग्रोथ दिखती है। नाटकीय दृश्यों में वह होल्ड करती हैं,1
उन्होंने एक बार फिर दिखाया है कि अभिनय के लिए भाव और अभिव्यक्ति पर नियंत्रण कितना जरूरी है।,1
हालांकि कुछ संवाद प्रभावशाली हैं। उनमें भाव और अर्थ को अच्छी तरह पिरोए गए हैं,1
इसकी पैकेजिंग खूबसूरत रहती है।,1
वे कमजोर दिखने वाले दृश्यों में सचमुच लाचार दिखते हैं,1
अनुष्का शर्मा किरदार और कलाकार दोनों ही पहलुओं से बाजी मार ले जाती हैं,1
एक्शन और इमोशन से भरपूर 'शिवाय',1
अजय देवगन की ‘शिवाय’ में अनेक खूबियां हैं। हिंदी में ऐसी एक्शन फिल्म नहीं देखी गई है,1
एक्शन दृश्यों में उनकी तल्लीनता दिखती है,1
अजय देवगन ने एक्शन का मानदंड बढ़ा दिया है,1
उन्होंने एक्शन के साथ अपनी अदाकारी के जलवे भी दिखाए हैं,1
पहली फिल्म होने के बावजूद वह अपनी मौजूदगी दर्ज करती हैं,1
बेटी गौरा की भूमिका में एबिगेल एम्स बहुत एक्सप्रेसिव हैं,1
अजय देवगन का प्रयास सराहनीय है,1
इन कलाकारों ने सौंपी गई भूमिकाओं को ढंग से निभाया हैं,1
उनकी कॉमिक टाइमिंग और डांसिंग स्टेप कमाल के हैं,1
गुलजार के शब्दों के चयन और संवादों में हमेशा की तरह लिरिकल खूबसूरती है,1
उन्हें राकेश ओमप्रकाश मेहरा आकर्षक विजुअल के साथ पेश करते हैं,1
लोकेशन मनमोहक हैं,1
बतौर कलाकार वे भी दिए गए चरित्रों को आत्मसात करते हैं,1
निस्संदेह ‘मिर्जिया’ भव्य और सुंदर है,1
फिल्म देखते समय तो उन यादगार लम्हों के साथ पार्श्व संगीत भी है। प्रभाव और लगाव गहरा हो जाता है,1
फिल्म अपने उद्देश्य में सफल रहती है,1
अंत में इस फिल्म की भाषा और परिवेश की तारीफ लाजिमी है,1
उन्होंंने लगन और ऊर्जा के साथ इस किरदार को निभाया है,1
‘बैंजो’ अच्छी कोशिश है,1
यह फिल्म भारतीय समाज में महिलाओं के एक अलग आयाम से परिचित कराती है,1
स्क्रिप्ट की सीमाओं के बावजूद नवाज अपनी प्रतिभा से फिल्म को रोचक बनाते हैं,1
उनकी संवाद अदायगी और आकस्मिक अदा दर्शकों को भाती है,1
पर्दे पर उनकी आंखों की शरारत रिझाती है,1
अकीरा में भी एक्शन की भरभार है,1
हालांकि यह एक्शन हवा-हवाई नहीं है। इन्हें रियल फाइट की तरह रखा गया है,1
"बहरहाल, सोनाक्षी सिन्हा की अदाकारी इस परतदार फिल्म को ऊंचाइयों पर ले जाती है",1
"टाइगर श्रॉफ में गति और चपलता है, इसलिए वे डांस और एक्शन के दृश्यों में मनमोहक लगते हैं",1
उन्होंने भारत-पाकिस्तान के आर-पार रोचक कहानी बुनी है,1
"बहरहाल, मुदस्सर अजीज ने इस सिटकॉम फिल्म में हंसाने का पूरा इंतजाम किया है",1
डायना पेंटी ने हैप्पी के एटीट्यूड को अच्छी तरह समझा है,1
भारतीय दर्शकों को यह मजेदार लगेगा,1
कुछ कमियों के बावजूद ‘हैप्पी भाग जाएगी’ मजेदार फिल्म है,1
आशुतोष गोवारिकर की यह खूबी तो है ही कि वे बड़ा सोचते हैं,1
फिल्म के एक्शन दृश्यों में उनकी चपलता देखते ही बनती है।,1
जबरदस्तस विजुअल्स हैं,1
‘रुस्तम’ एक प्रभावपूर्ण पीरियड फिल्म है,1
फिल्म की तकनीकी टीम का कार्य सराहनीय है।,1
'रुस्तम’ अलग किस्म की थ्रिलर फिल्म है,1
वे इस स्टायल में जंचते और अच्छे भी लगते हैं,1
अभिनेत्रियों में इलियाना डिक्रूज अपनी सीमित भूमिका में भी प्रभावित करती हैं।,1
उनके लुक और पहनावे पर अच्छी मेहनत की गई है,1
चारों ने अपने किरदारों को सही रंग और ढंग से आत्म सात किया है।,1
फिल्म के गीत-संगीत में छठे-सातवें दशक के संगीत की ध्वनि और शैली रहती तो अधिक आनंद आता,1
बायोपिक फिल्मों के इस दौर में ‘बुधिया...’ बेहतरीन उदाहरण है।,1
"दो व्यक्तियों के परस्पर विश्वास और संघर्ष की यह कहानी रोमांचक, प्रेरक और मनोरंजक हैं",1
सोमेंन्द्र पाढ़ी ने बहुत खूबसूरती से बुधिया और बिरंची के चरित्र को प्रस्तुत किया है,1
बिरंची के रूप में मनोज बाजपेयी फिर से अपनी प्रतिभा के नए पहलू से परिचित कराते हैं।,1
उन्होंने अपने भावों से फिल्म का प्रभाव बढ़ाया है,1
अबु धाबी के रेगिस्तानी इलाकों की नयनाभिराम खूबसूरती को सिनेमैटोग्राफर अयानन्का बोस ने बखूबी कैमरे में कैद किया है,1
फिल्म को भव्यता मिली है,1
उन्हें जॉन अब्राहम व वरुण धवन के डोले-शोले ने रोमांच की भरपूर अनुभूति प्रदान की है,1
हुसैन दलाल के चुटीले संवाद ने फिल्म की रफ्तार और धार बनाए रखी हैं,1
अदाकारी के मोर्चे पर हर कलाकार ने प्रभावित किया है,1
गंभीर शख्स की भूमिका में वे सहज लगते हैं,1
कबीर के किरदार में जॉन फबते हैं,1
हंसोड़ जुनैद अंसारी के कैरेक्टर में वरुण धवन की शिद्दत महसूस होती है,1
"इरफान की अदाकरी इस परतदार फिल्म को ऊंचाइयों पर ले जाती है, प्रभावित करती है और अपने उद्देश्य में सफल रहती है",1
अनुष्का शर्मा ने आरफा के किरदार को बखूबी निभाया है,1
"इरशाद कामिल और विशाल-शेखर के गीत-संगीत में फिल्म की थीम, किरदारों के इमोशन और पॉपुलर जरूरतों पर समान रूप से ध्यान दिया गया",1
पिता की भूमिका को रवि खेमू ने जस्टिफाई किया है,1
यामी गौतम ने किरदार को बखूबी परिभाषित किया है,1
"गीतकार मनोज मुंतजिर व कुमार के बोलों को उम्दा बनाने में मीत ब्रर्द्स, जीत गांगुली और अंकित तिवारी ने कोई कसर नहीं छोड़ी है",1
अनुराग कश्यप ने किस्सागोई में अपना हस्ताक्षर कायम रखा है,1
‘रमन राघव 2.0’ को थ्रिलर व उसका ह्यूमर ब्लैक रखने में अनुराग कश्यप सफल रहे हैं,1
इस काम में उन्हें संगीतकार संदीप चौटा का अच्छा साथ मिला है,1
"उनके सफर में डर, एडवेंचर और रोमांच है",1
लेखक-निर्देशक नागेश कुकनूर ने उनके सफर के अच्छेे-बुरे अनुभवों का ताना-बाना अच्छा बुना है,1
धनक’ में दोनों बाल कलाकारों हेतल गड्डा और कृष छाबडि़या ने बेहतरीन काम किया है,1
उनकी बाल सुलभ प्रतिक्रियाएं फिल्म का प्रभाव बढ़ाती है,1
विपिन शर्मा लाचार चाचा के रूप में अपनी भावमुद्राओं से आकर्षित करते हैं,1
राजस्थान की पृष्ठभूमि का सुंदर उपयोग हुआ है।,1
‘तीन’ नई तरह की फिल्म है। रोचक प्रयोग है,1
निर्माता सुजॉय घोष ने रिभु दासगुप्ता को लीक से अलग चलने और लिखने की हिम्मत और सहमति दी।,1
"नवाजुद्दीन सिद्दीकी के रूप में हिंदी फिल्मों को एक उम्दा कलाकार मिला है, जो अपनी मौलिक भंगिमाओं से चौंकाता है",1
फिल्म के गीतों में अमिताभ भट्टाचार्य ने फिल्म के भावों को अच्छी तरह संजोया है,1
उन गीतों पर गौर करेंगे तो फिल्म का आनंद बढ़ जाएगा।,1
तीनों ने फिल्म को हास्यास्पद बनाने में कोई कसर नहीं छोड़ी है,1
पवन कृपलानी ने ‘फोबिया’ में संगीत का सटीक इस्तेमाल किया है।,1
दोनों ने मिलकर पवन कृपलानी की सोच-समझ को उम्दा तरीके से प्रस्तुत किया है।,1
"म्यूजिक डायरेक्टर डेनियल बी जार्ज, एडिटर पूजा लाढा सूरती और सिनेमैटोग्राफर जयकृष्णन गुम्मडी के सहयोग से पवन कृपलानी ने रोमांचक तरीके से डर की यह कहानी रची है।",1
पवन कृपलानी ने बहुत खूबसूरती से घटनाओं को गुंथा है,1
लिखते रहें डॉ अरविंद!,1
महारानी गायत्री देवी के साथ लीला नायडू को भी वोग पत्रिका ने दुनिया की दस सुन्दर महिलाओं की अपनी सूची में रखा था ।,1
कम बजट में डायरेक्टर ने एक मजेदार फिल्म बनाई है। सिर्फ एक रात की पार्टी की कहानी में सौरभ ने हर पात्र से बेहतरीन काम लिया है। इसे सशक्त निर्देशन का कमाल ही कहा जा सकता है,1
लीला नायडू के अभिनय की अच्छी चर्चा हुई और फिल्म को राष्ट्रीय पुरस्कार भी मिला।,1
अपूर्व ने फॉर्मुला फिल्म में भी नयापन का छौंका लगाया है।,1
"रिजवान के रोल में शाहरुख बेजोड़ हैं।
काजोल मंदिरा के रूप में लाजवाब रही हैं। 
शाहरुख और काजोल की ऑन स्क्रीन केमिस्ट्री गजब की है।
लंबे अर्से बाद स्क्रीन पर नजर आईं जरीना वहाब छोटी सी भूमिका के बावजूद जमी हैं।",1
"यह नए किस्म का चरित्रांकन है, जहां औरत पवित्रता की मू‌िर्त्त भर नहीं है",1
यंग डायरेक्टर चौबे की तारीफ करनी होगी कि उन्होंने बतौर डायरेक्टर अपनी पहली फिल्म के पात्रों में सही किरदारों का चयन किया है।,1
"निर्देशक ने फिल्म की रफ्तार कहीं सुस्त नहीं पड़ने दी है। रियान के रोल में वीजे रणवीर सिंह पूरी तरह से फिट हैं। वहीं महेश मांजरेकर और सुशांत सिंह जब भी स्क्रीन पर आते हैं , दर्शक सहम जाते हैं।",1
उनकी मौजूदगी से ऊर्जा का संचार होता है,1
अंकुर में नसीरूद्दीन शाह जैसी स्वाभाविकता और खुलापन है,1
"मूवी की स्क्रिप्ट और दिल को छूते डायलॉग 3 इडियट्स की जान है। कई संवाद ऐसे हैं , जो हमारी व्यवस्था पर सटीक कमेंट कसते है। वहीं , कई डायलॉग स्टूडेंट्स के लिए मेसेज हैं और पैरंट्स के लिए एक सही सोच। बेशक अभिजीत जोशी और हिरानी की स्क्रिप्ट फिल्म का बेहद मजबूत पक्ष है।",1
"ऐसे में लव गुरू युवाओं को ऐसे कारगर टिप्स देता है, जिससे बिगड़े रिश्ते भी बन जाते हैं।",1
डायरेक्टर विशाल की यह पहली फिल्म है और उन्होंने कम पात्रों के बावजूद कहानी को कहीं बिखरने नहीं दिया।,1
उन्होंने स्लम की जिंदगी को उसकी धड़कनों के साथ कैमरे में कैद किया है।,1
"द.अफ्रीकी शहर जोहांसबर्ग से समुद्री किनारों से लेकर, गगनचुम्बी बिल्डिगों और वहां के मैदानों की हरी घास को बहुत ही मास्टरी से दिखाया गया है।",1
तमाम बातों के बावजूद नायिका का भिड़ जाने का अंदाज.. याद रहेगा.,1
"फिल्म में अक्षय - करीना की जोड़ी के अलावा आधा दर्जन और कलाकार हैं , जिन्हें शायद इस छोटी सी लव स्टोरी को लंबा करने के मकसद से ही फिट किया गया। फिल्म में अक्षय हॉलिवुड फिल्मों के स्टंट मैन के रोल में हैं और निश्चित तौर पर उनके एक्शन सीन पिछली फिल्मों के मुकाबले बेहतरीन हैं। हॉलिवुड के युनिवर्सल और कोडक स्टूडियो के अलावा लॉस एंजिल्स , कैलफॉर्निया और वेनिस शहर की आउटडोर लोकेशन में कैमरामैन विकास सिवरमन की सिनेमेटोग्रफी का जवाब नहीं।",1
शाहिद और जेनेलिया के बीच गजब की केमिस्ट्री है।,1
इम्तियाज़ अली ने एक प्रेम कहानी से ऐसा ही घनघोर प्रेम किया है.,1
संवादों में धार और चुटीलापन है।,1
दिल को छूता सुरीला म्यूजिक फिल्म का प्लस पॉइंट है।,1
"राजेश्वरी के रूप में तब्बू का जवाब नहीं।
तब्बू जब भी स्क्रीन पर आती हैं सभी पर हावी हो जाती हैं।
वहीं शरमन जोशी और युविका की जोड़ी खूब जमी है।",1
एक्शन दृश्यों में सलमान ने खूब मेहनत की है।,1
"फिल्म में अपने किरदार वीर प्रताप सिंह की रोमैंटिक और सपनों की दुनिया में रहने वाले प्ले ब्वॉय को उन्होंने काफी हद तक जीवंत कर दिखाया है। फिल्म के क्लाइमेक्स सीन फिल्म की जान है , जिसमें संध्या की शादी के मौके पर जाकर उसने अपने प्यार का इजहार किया है।",1
फिल्म शुरू से लेकर क्लाईमेक्स तक सरपट दौड़ती है और दर्शकों को बांधे रखने में कामयाब रहती है।,1
यह उस दौर की एक खूबसूरत और भव्य फिल्म थी।,1
श्यामक डावर के ग्रुप से जुड़े रहे शाहिद ने साबित किया है कि डांस में उनका कोई जवाब नहीं।,1
इंटरवल के बाद जावेद और राजपाल की दमदार एंट्री के बाद फिल्म कुछ दिलचस्प बनती है।,1
केदार शिंदे की फिल्म की शुरूआत अच्छी है,1
इस रोल के लिए बिग बी को छोड़कर और किसी के बारे में सोचा तक नहीं जा सकता।,1
उन्होंने जलील के किरदार को संयत तरीके से निभाया है।,1
"नसीरुद्दीन शाह, अरशद वारसी और विद्या बालन ने मिल कर फिल्म को प्रभावशाली बना दिया है।",1
ऐसे में सलमान की इस मेगा बजट फिल्म में हर ऐसा मसाला मौजूद है जो फ्रंट क्लास और मसाला फिल्मों के शौकीनों को पसंद है।,1
आंखों की रोशनी न होने के बावजूद फिल्म में अपने हैरतअंगेज ऐक्शन स्टंट दृश्यों को बिना किसी डुप्लिकेट का सहारा लिए खुद निभाया बल्कि ऐक्टिंग की एबीसी ना जानते हुए अपनी भूमिका के साथ काफी हद तक इंसाफ करने की कोशिश जरूर की है।,1
अमिताभ की डायलॉग डिलिवरी का जवाब नहीं।,1
फिल्म में सिनेमैटोग्राफी बहुत ही शानदार है।,1
इस फिल्म की विशेषता है कि अगले दृश्यों और प्रसंगों का अनुमान नहीं हो पाता।,1
गीतकार सुब्रत सिन्हा के लिखे गानों में नयापन और बोलों में ताजगी का एहसास लगता है। फिल्म के पांच गीत म्यूजिक चार्ट में लंबे अर्से से टॉप फाइव पर हैं।,1
रामू ने हर बार कुछ ऐसा किया जो मीडिया में छाया रहा।,1
फिल्म की पैकेजिंग और संगीत इसकी जान है।,1
। इस फिल्म में काजोल का जरूरी योगदान है।,1
मगर इस फिल्म का एक पहलू ऐसा है जो इससे पहले किसी फिल्म में नहीं था और उसने बागबान को सफल फिल्मों की कतार में लाकर खड़ा कर दिया,1
"यकीनन फरहान ने इस बार फिर साबित किया कि उनके अंदर भूमिका को जीवंत करने का जज्बा है। कार्तिक के करैक्टर को फरहान ने दो बिल्कुल अलग लुक में पेश किया है। फिल्म की शुरुआत में चश्मा पहने हुए , बॉस की डांट खाने वाले और बाद में बॉस के केबिन में जाकर बॉस से मनचाही टर्म्स मनवाने वाले कार्तिक के रूप में फरहान खूब जमे हैं। पिछली फिल्मों के मुकाबले दीपिका इस फिल्म में बिल्कुल अलग और फ्रेश लुक में नजर आईं।",1
सीबीआई इंस्पेक्टर का रोल कर रहे समीर कोचर ने भी अपनी पर्सनॉल्टी से दर्शकों का दिल जीतने में कामयाब रहे हैं।,1
अपनी हर फिल्म का तरह इस फिल्म में भी भट्ट साहब बॉलीवुड के सामने कई नये चेहरे लाने वाले वादे में खरे उतरे।,1
"बड़े अर्थों में ‘स्‍लमडॉग मिलिनेयर’ भी, एक बड़े शहरी समुदाय के मन को भा रही है.",1
शाहरुख खान पर फिल्माया आइटम सॉन्ग और टाइटिल सॉन्ग ' दूल्हा मिल गया ' अच्छे बन पड़े हैं।,1
इंटरवल  के  बाद  अश्वेत  बहुल  जॉर्जिया  की  दुर्दशा  को  करण  ने  बड़े  सहज  ढंग  से  कहानी  का  अहम  हिस्सा  बनाया  है।,1
"पूरी फिल्म गोविंदा और रणवीर पर टिकी है , लेकिन अपनी बिंदास और बोल्ड इमेज के चलते लारा सुष्मिता पर भारी पड़ी हैं।",1
फिल्म का बैकग्राउंड स्कोर और गीत-संगीत उल्लेखनीय है।,1
स्वानंद किरकिरे और विशाल भारद्वाज ने अपने संगीत से फिल्म के मूल भाव को गहराई दी है।,1
"श्रेयस ने अपने रोल को असरदार करने के लिए अच्छी खासी मेहनत की है।
श्रेयस के सिवा फिल्म में बाकी सबने तो बस अपना रोल निभा भर दिया है।",1
मिथुन चक्रवर्ती और पुरू राज कुमार अपनी भूमिकाओं से प्रभावित करते हैं।,1
"स्लम  बस्ती  में  रहने  वाले  कैरम  चैंपियन  सूर्या  के  अंदर  छिपी  टीस  और  आक्रोश  को  समाए  युवक  के  रोल  में  सिद्धार्थ  खूब  जमे 

द्म  प्रिया  के  हिस्से  में  चंद  सीन  आए  और  पद्म  उनमें  जमी हैं।

 जाएद  के  रोल  में  अंकुर  विराल  पूरी  फिल्म  में  छाए  रहे।",1
"फिल्म उन लोगों की सोच पर करारा व्यंग्य करती है , जो जनता को सिर्फ वोट हासिल करने और सत्ता प्राप्ति का एक जरिया समझते हैं।",1
इस फिल्म के डाइरेक्टर की कैमरे पर जबर्दस्त पकड़ और न्यू स्टार्स से काम लेने की कला राम गोपाल वर्मा से काफी हद तक मिलती है।,1
बिग बी के बेटे के रोल में सुदीप का जवाब नहीं,1
जन्नत की पूरी नई टीम वाकई तारीफ के काबिल है।,1
"नेहा धूपिया इस फिल्म में अपनी पिछली फिल्मों के मुकाबले अलग लुक और रोल में नजर आई हैं। वहीं, 'भेजा फ्राई' के बाद रजत और विनय के बीच की केमिस्ट्री गजब की है। अनुराधा मेनन अपने रोल में जमी हैं",1
रामू ने कहानी की रफ्तार कहीं थमने नहीं दी।,1
अगर वे बातें कर रहे हों तो हर मामले को रोशन कर देते हैं।,1
फिल्म में ऋषि कपूर की ऐक्टिंग का जवाब नहीं। अपनी खुद की भूमिका के साथ उन्होंने पूरा न्याय किया है। सत्तर के दशक में आई राज कपूर की फिल्म मेरा नाम जोकर में रूसी ऐक्ट्रिस का प्रसंग इस फिल्म में बहुत दमदार ढंग से फिट किया गया है।,1
अनुभव की कहानी बेहद संवेदनात्मक तरीके से बुनी गई है। फिल्म में इस तरह के अनेक नाटकीय और भावनात्मक प्रसंग हैं। इसे गुल पनाग और संजय सूरी ने बहुत प्रभावी ढंग से निभाया है। गुल और संजय के करियर की यह सबसे अच्छी फिल्म है। राज जुत्शी ने भी यादगार अभिनय किया है। जैकी श्रॉफ का अंदाज भी नया है।,1
दमदार स्क्रिप्ट और निर्देशन से सजी यह दिल को छूने वाली कहानी आने वाली पीढ़ी के लिए इन्वाइरन्मंट को सहेजने का मेसिज पेश करती है।,1
इस फिल्म को सलमान और अजय देवगन का लाजवाब अभिनय ने यादगार बना दिया,1
मिथुन पूरी फिल्म में दमदार लगे हैं। बच्चों ने अपना रोल दिल से निभाया है। सीमा बिश्वास अपनी छोटी सी भूमिका में जमी है। इस फिल्म में चालू मसाले चाहे न हो लेकिन एक अच्छी फिल्म देखने वालों की कसौटी पर यह खरी उतरने का दम रखती है। पूरी फिल्म बंधी हुई है और दिलचस्प है,1
वह दिन दूर नहीं जब वह एक फिल्म के लिए सात से आठ करोड़ मेहनताना मांगकर खान तिकड़ी को चौंका दें।,1
दरअसल भारतीय पुरा कथाओं का स्वरूप साइंस फिक्शन की फैंटेसी से काफी कुछ मेल खाता है।,1
खैर विपुल का दांव सटीक बैठा,1
इस फिल्म में काजोल का जरूरी योगदान है।,1
"बतौर  डायरेक्टर  चंदन  प्रभावित  करते  हैं

 सिद्धार्थ  और  अंकुर  विराल  का  लाजवाब  अभिनय।",1
स्क्रिप्ट की बंदिशों के बावजूद उनका काम लाजवाब है.,1
राजपाल यादव का काम भी बेहतरीन है.,1
फिल्म देश विदेश में जोरदार कमाई कर रही है।,1
पुरबिया और भोपाली लहजे से फिल्म की भाषा कथ्य के अनुकूल हो गई है।,1
"स्क्रिप्ट में कई ऐसे मजेदार प्रसंग हैं, जो कहानी को और दिलचस्प व मजेदार बनाते हैं। सौरभ और रजत की लिखी इस स्क्रिप्ट की सबसे बड़ी खासियत यही है",1
अरशद वारसी और नसीरुद्दीन शाह ने भरपूर साथ दिया है।,1
साथ ही भारतीय कामकाझी महिला के रोल को उन्होंने बहुत ही संजीदगी से उभारा है.,1
बागबान व्यावसायिक शैली में बनी एक ऐसी फिल्म थी जिसका विषय इससे पहले भी सफल रुप में अवतार जैसी कई फिल्मों में दोहराया जा चुका था।,1
स्ट्राइकर में परिवेश और चरित्रों का सुंदर संतुलन है।,1
"इस पूरी फिल्म में आमिर छाए हुए हैं। अपने असरदार अभिनय से दर्शकों को आखिर तक बांधने में वह पूरी तरह कामयाब रहे हैं। वहीं , शरमन और माधवन का जवाब नहीं । प्रिंसिपल वीरु के रोल में बोमन ईरानी कमाल कर गए हैं।",1
पूरी फिल्म में इमरान का काम सबसे शानदार है।,1
विजय हर्षवर्धन मलिक के रोल में अमिताभ बच्चन छाए हुए हैं।,1
यह बात तब और दिलचस्‍प लगती है जब यह भेद किसी फ़ि‍ल्‍मकार की पहली ही फ़ि‍ल्‍म में दिखे.,1
इस स्क्रिप्ट में भले ही नया कहने को कुछ ना हो लेकिन मां - बेटे के बीच की बेहतरीन केमिस्ट्री और फ्लैश बैक के सहारे चलते घटनाक्रम पर डायरेक्टर की अच्छी पकड़ के चलते उलझी स्क्रिप्ट भी दर्शकों को कुछ हद तक बांधे रखने में कामयाब है।,1
"किसान की कहानी के कई दृश्य दिल को छूते है , वहीं पंजाब के छोटे से गांव की रिअल लोकेशन पर फिल्माई फटॉग्रफी बेहतरीन है। सुहेल की तारीफ करनी चाहिए कि उन्होंने किसान जैसे सब्जेक्ट पर फिल्म बनाई।",1
यह फिल्म आज तक की सब से बेहतरीन फिल्म है.,1
अगर आप हल्की - फुलकी और साफ - सुथरी टाइम पास फिल्म फैमिली के साथ देखना चाहते है तो बेहिचक जाएं।,1
कहानी के हिसाब से लोकेशन एकदम फिट बैठती है,1
तब्बू का अभिनय फिल्म के लिए उचित है।,1
स्कूल प्रिंसिपल के रोल में सतीश कौशिक जब भी आए दर्शकों को कुछ गुदगुदा गए।,1
शाहरुख खान से मिलना किसी लाइव वायर को छू देने की तरह है।,1
फिल्म की कहानी उन्होंने बड़ी ही चालाकी से कोच से सट्टेबाज की तरफ घुमा दी।,1
गदर के बाद अनिल शर्मा ने एकबार फिर साबित किया कि एक्शन दृश्यों में उनका जवाब नहीं।,1
"फिल्म का म्यूजिक कहानी का सशक्त पक्ष है।
इन गानों में ताजगी और संगीत में मेलडी के चलते दोनों गाने कहानी का अहम हिस्सा बने हैं।",1
इस कसौटी पर करण काफी हद तक खरे भी उतरे हैं।,1
अनुराग में ढेरों खूबियां हैं,1
आप को यह जानकर खुशी होगी,1
स्टार्ट टू एंड मिथुन फिल्म में छाए हुए हैं।,1
विशाल भारद्वाज और गुलजार की जोड़ी हो तो गीत-संगीत लोकप्रिय होने के साथ फिल्म के लिए उपयोगी और सुंदर भी होते हैं।,1
जन्नत के संगीतकार प्रीतम को तो जैसे युवाओं की पसंद का पासवर्ड मिल गया हो,1
' दे ताली ' गाने का फिल्मांकन बहुत अच्छा बन पड़ा है।,1
"प्रीतम का संगीत दमदार है। 
फिल्म का टाइटिल सॉन्ग ' जिस दिन मेरा ब्याह होवेगा ,' पहले से ही टॉप टेन में शामिल है।
श्रेयस तलपड़े कैमरामैन के रोल में फिट है",1
अभिषेक चौबे और विशाल भारद्वाज ने फिल्म की चुस्त पटकथा में रोमांच बनाए रखा है।,1
फिल्म के किरदार थोपे हुए नहीं लगते।,1
"फिल्म का संगीत थोड़ा तेज और लाउड है, लेकिन ये कहानी की मांग के अनुसार फिट बैठता है।",1
अमिताभ बच्चन ने बार-बार सिद्ध किया है कि वे क्यों अमिताभ बच्चन हैं,1
जांबाज पिंडारी योद्धा के रोल में सलमान खूब खूब जमे हैं,1
करण जौहर अपने विषय के प्रति ईमानदार हैं,1
हिंदी फिल्मों में पहली बार आ रही पद्मप्रिया अच्छी लगी हैं।,1
"राज कुमार हिरानी ने इस मूवी में भी अपने डायरेक्शन का जलवा दिखा दिया। उन्होंने साबित कर दिया कि उनके पिटारे से हर बार कुछ अलग और नया निकलता है। कहानी पर हिरानी की शुरू से आखिर तक पकड़ है। आमिर के रहते शरमन , माधवन , बोमन से हिरानी ने बेहतरीन काम लिया और हर एक की मौजूदगी को फिल्म का अहम हिस्सा बनाया। एक पल भी कहानी की गति को उन्होंने सुस्त नहीं पड़ने दिया।",1
"वहीं फिल्म के हीरो इमरान ने हेलिकॉप्टर से चलती ट्रेन में छलांग लगाने वाले बेहद खतरनाक सीन को बिना किसी डुप्लिकेट के किया। यही नहीं फिल्म के सारे स्टंट संजय , और इमरान के हिस्से में रहे है बल्कि श्रुति हासन और चित्राशी ने भी अंडर वॉटर कई खतरनाक दृश्यों को बिना किसी डुप्लिकेट के शूट किया।",1
अब तक अपनी सेक्सी और हॉट इमेज से दर्शकों में अपनी पहचान बनाने वाली सेलिना को इस फिल्म के जरिए करियर में शायद पहली बार इतनी फुटेज मिली कि पूरी फिल्म उन्हीं के इर्दगिर्द टिकी रही। पेज थ्री पार्टियों की शौकीन सोनम के रोल में सेलिना खूब जमी हैं।,1
विद्या ने ऐक्टिंग भी अच्छी की है,1
"फिल्म में नौशीन पूरी तरह से छाई हुई हैं। इंटरवल तक वह काफी लो प्रोफाइल रहकर अपने रोल में फिट होने की कोशिश करती नजर आती है , तो इंटरवल के बाद उनका रोल सबसे ज्यादा उभरकर नजर आता है।",1
"तीन शब्द ही सही, लेकिन इस टिप्पणी को पढ कर बढा अच्छा लगा.",1
"हां , रॉक ऑन के बाद एक बार फिर सुहाना ने अपनी ऐक्टिंग का लोहा मनवाया। फिल्म का म्यूजिक रिलीस से पहले ही टीनएजर्स की जुबां पर है। फिल्म के दो गाने कई म्यूजिक चार्ट में टॉप फाइव पर जगह बनाए हुए है।",1
वह अपनी आजाद जिंदगी के राह पर मनपसंद व्यक्तियों के साथ निकल जाती है,1
"आपका सुरूर और कर्ज के मुकाबले हिमेश इस बार रोल में जमे है। फिल्म में उनकी एक्टिंग देखकर लगता है रेडियो जॉकी की भूमिका के लिए उन्होंने अच्छी खासी तैयारी की है। आरजे की लाइफ स्टाइल , रेडियो पर अपने शो को हिमेश ने दमदार अंदाज में पेश किया है। सोनल सहगल और शहनाज अपनी भूमिकाओं में ठीकठाक रहीं। छोटी सी भूमिका के बावजूद परेश रावल खूब जमे और हंसाने में कामयाब रहे।",1
"ओम पुरी और गोविंद नामदेव का दमदार अभिनय , लंबे अर्से बाद पद्मिनी कोल्हापुरी की मां के रोल में दमदार वापसी से ऐसा लगता है बॉलिवुड को एक खूबसूरत मां मिल गई है।",1
क्लाइमैक्स में अपने शो में दर्शकों से अपनी भूल के दृश्य में उनका जवाब नहीं।,1
इस फिल्म में के रविचंद्रन के छायांकन का महत्वपूर्ण योगदान है,1
अपार समर्थन देकर जनता ने करारा जवाब दे दिया है।,1
अभिषेक चौबे की पहली फिल्म इश्किया मनोरंजक फिल्म है।,1
दोनों नाटकीय दृश्यों में एक-दूसरे के पूरक के रूप परफार्म करते हैं और अंतिम प्रभाव बढ़ा देते हैं।,1
"प्रीतम का संगीत दमदार है। 
फिल्म का टाइटिल सॉन्ग ' जिस दिन मेरा ब्याह होवेगा ,' पहले से ही टॉप टेन में शामिल है।
श्रेयस तलपड़े कैमरामैन के रोल में फिट है",1
फिल्म देखने के बाद न सिर्फ उम्मीदें धराशायी हुई बल्कि अच्छे खासे विषय को यूं ही जाया हो जाने का अफसोस भी हो रहा है,-1
उनके अभिनय में इंटेसिंटी तो है लेकिन किरदार स्टीरियोटाइप होते जाए तो अच्छा अभिनेता भी बोर कर सकता है,-1
एली अबराम को फिल्म में महज ग्लैमर ऐड करने के लिए रखा गया है,-1
बाकी के भी किरदार अति सामान्य हैं,-1
"संदर्भ और स्थितियां बदल गई हैं, लेकिन सोच और समझ में अधिक बदलाव नहीं आया",-1
तकनीकी गुणवत्ता की भी कमियां दिख सकती हैं,-1
"फिल्म में हंसी तो है, लेकिन हंसी पर हिंसा हावी है",-1
यह फिल्म बच्चे न देखें तो बेहतर,-1
"कट्टे, लात-घूंसा, हाथापाई, हड्डी चटकाई और सिर फुड़ौव्वल है",-1
इस फिल्म की सबसे बड़ी दिक्कत पटकथा में विचार को,-1
फिल्म देखते समय ही मनोरंजन का यह भरम टूटता जाता है,-1
आखिरकार फिल्म निराश करती है,-1
कमल हसन और श्रीदेवी अभिनीत सदमा का वह गीत अगर फिल्म में होता तो दर्शकों को सुकून मिलता,-1
कहीं-कहीं तर्क और कारण का खयाल नहीं रखा गया है,-1
फिल्म में जरूरत से ज्यादा गाने और आगे-पीछे की दृश्यों से उनकी संगति भी नहीं बैठती,-1
"इन प्रसंगों में शाहिद कपूर ने पापुलर हीरो की तरह जवांमर्दी दिखाई है, लेकिन उनकी कद-काठी और चेहरे का साथ नहीं मिल पाता",-1
हमेशा लगता है कि कुछ छूट रहा है,-1
कुछ मिसिंग है,-1
पटकथा के बिखराव से फिल्म का रोमांच भी कम होता है,-1
लेखक-निर्देशक ने दूसरी औसत फिल्मों की तरह अवश्य ही दो-चार चुस्त दृश्य अवश्य गढ़ लिए है,-1
दृश्यों का तारतम्य टूटा हुआ है,-1
नतीजतन फिल्म अपेक्षित असर नहीं डालती,-1
अंजुम रिजवी का यह निवेश फलदायक नहीं रहा,-1
इंद्र कुमार की 'ग्रैंड मस्ती' कहीं से भी ग्रैंड नहीं हो पाई है,-1
दरअसल यह ब्रांड मस्ती का दोहराती सी है,-1
नवीनता और मौलिकता की कमी से यह एडल्ट कॉमेडी ढंग से गुदगुदा भी नहीं पाती,-1
"कि कहने या दिखाने के लिए लेखक-निर्देशक के पास ज्यादा कुछ नहीं है, इसलिए वे हंसाने के लिए बार-बार फूहड़ तरकीबें अपनाते हैं",-1
सामान्य फिल्मों में ऐसे दृश्य और व्यवहार देखे जा चुके हैं,-1
"वह सम्मोहित करती हैं, लेकिन अभिनय में कच्चापन है",-1
"फिल्म में अनेक गाने हैं, किंतु कहानी से उनका तालमेल नहीं बैठ पाता",-1
सारे गाने आयटम ही नजर आते हैं,-1
पूरी फिल्म में उसका स्थान निश्चित नहीं हो पाता,-1
उनका चित्रण असंगत है,-1
पटकथा की रवानी में इन पर आम दर्शक का ज्यादा ध्यान नहीं जाता,-1
'सत्याग्रह' में राजनीतिक स्पष्टता नहीं है,-1
दोनों ही उन दृश्यों में किसी एक भाषा हिंदी या अंग्रेजी का इस्तेमाल कर सकते थे,-1
"लेखक-निर्देशक ने इस छोटी सी कहानी के लिए जो प्रसंग और दृश्य रचे हैं, वे बांध नहीं पाते",-1
दृश्यों पर संवाद भारी पड़ते हैं और अपना अर्थ खो देते हैं,-1
दृश्यों में नाटकीयता हो तो संवादों (डायलॉगबाजी) में मजा आता है,-1
"'चेन्नई एक्सप्रेस' में दीपिका पादुकोण ने संवादों को खास लहजा दिया है , फिल्म में वह कई बार टूटता है",-1
अमृत सागर चोपड़ा मामूली से विषय पर हंसाने की कोशिश में असफल रहे हैं,-1
"हालांकि फिल्म में अभिनेताओं की भीड़ है, लेकिन वे सभी दृश्यों की खानापूर्ति के लिए हैं",-1
अकेले अरशद वारसी को फिल्म खींचने की जिम्मेदारी मिली है वे इसे निभा नहीं पाते,-1
अभिनय में अभी अभ्यास की जरूरत है,-1
फिल्म में अवांछित गाने की जगह कुछ जोरदार दृश्य जोड़े जा सकते तो फिल्म की पुख्तगी बढ़ जाती,-1
"चोर चोर सुपर चोर' में नयापन जरूर है, लेकिन एक कच्चापन भी है",-1
मनीष तिवारी की 'इसक' देखते समय और देख कर निकलने के बाद भी याद नहीं रहता कि फिल्म का मुख्य विषय और उद्देश्य क्या था,-1
"कुल मिलाकर 'इसक' एक ऐसी खिचड़ी बन गई है, जो हर कौर में पिछले स्वाद को कुचल देती है",-1
"कमजोर फिल्में निराश करती हैं, लेकिन 'इसक' तो हताश करती है",-1
क्या मिले हुए मौके को ऐसे गंवाया जा सकता है? समस्या यह है कि अभी ठीक ढंग से स्थापित नहीं हो सके विशाल भारद्वाज और अनुराग कश्यप की शैलियों की नकल में मनीष तिवारी अपनी पहली फिल्म 'दिल दोस्ती एटसेट्रा' की सादगी और गहराई भी भूल गए हैं,-1
न तो यह फिल्म इश्क की दास्तान है और न ही दो परिवारों के झगड़े की कहानी प्रतीक की संवाद अदायगी इतनी गड़बड़ है कि कान लगाने पर भी ठीक से संवाद नहीं सुनाई पड़ते,-1
उन्होंने किरदार पर कोई मेहनत नहीं की है,-1
नायिका उनसे बीस इसलिए ठहरती हैं कि उन्होंने थोड़ी मेहनत की है।,-1
निर्देशक अमित सक्सेना की जिस्म इससे कई गुना अच्छी फिल्म थी,-1
पूनम पांडे के अभिनय की तो बात ही न की जाए बेहतर है,-1
"लेकिन उन्हें साम, दाम, दंड, और भेद चाहे जैसे बॉलीवुड में तो एंट्री मिल गई लेकिन अभिनेता शिवम को आने वाले दिनों में अपने करियर पर और भी फोकस करना होगा",-1
फिल्म का एक भी गाना ऐसा नहीं है जो आपकी जुबान पर चढ़ सके,-1
कुल मिलाकर नशा एक औसत फिल्म है जो बॉलीवुड की सालों से चली आ रही बासी और सड़ चुकी देहगाथा को एक कदम आगे बढ़ाने का काम करती है,-1
दर्शकों को रिझाने या बहलाने के लिए इस फिल्म में कुछ भी नहीं है,-1
'डी डे' ऐसी उलझनों की वजह से साधारण फिल्म रह गई,-1
"इस साधारण फिल्म में इरफान, अर्जुन रामपाल और अन्य उम्दा कलाकारों की प्रतिभा की फिजूलखर्ची खलती है",-1
सवाल उठता है कि केवल मोस्ट वांटेड को भारत लाने की कहानी दर्शकों को पसंद नहीं आती क्या? लेखक-निर्देशक की दुविधा ही फिल्म को कमजोर करती है,-1
कुछ प्रसंगों में संवाद और दृश्यों की कसावट का अभाव खलता है,-1
एक तो फिल्म के सारे किरदार निगेटिव शेड के हैं। फिल्म के नायक सूरज के मामा के अलावा किसी में भी अच्छाई नजर नहीं आती,-1
सभी किसी न किसी प्रपंच में लगे हुए हैं,-1
शांतचित्त दिखने वाला किरदार तक अंत मे खूंखार नजर आता है,-1
'शॉर्टकट रोमियो' एक ऊबाऊ फिल्म है,-1
"अमीषा पटेल, नील नितिन मुकेश, बंटी ग्रेटाल और राजेश श्रृंगारपुरे चारों मुख्य अभिनेताओं ने निराश किया है",-1
फिल्म अनावश्यक रूप से लंबी है,-1
एक्शन दृश्यों की डिटेलिंग से कानों में हथौड़े चलने लगते हैं,-1
"पता नहीं चलता, लेकिन फिल्म के प्रति बेरूखी बढ़ती जाती है",-1
आखिरकार हम ठगे महसूस करते हैं,-1
"जहां पिता मिथुन के लिए सब कुछ आसान रहा है, वहीं बेटा महाअक्षय हर दृश्य में जूझते नजर आते हैं",-1
फिर भी 'एनिमी' अपनी सीमाओं से निकल नहीं पाती,-1
आशु त्रिखा को अपनी प्रतिभा का उपयोग कुछ बेहतर विषयों के चित्रण करना चाहिए,-1
'भूमि' टुकड़ों-टुकड़ों में बंटी फ़िल्म है। कुछ हिस्से उपजाऊ तो कुछ हिस्से बंजर है,-1
पूरी फ़िल्म मिला कर देखी जाए तो सच्चाई कम नजर आती है,-1
निर्देशक और लेखक जान-बूझकर ज़बर्दस्ती दर्शकों को भावनाओं के समंदर में डूबा देना चाहते हैं और यह एहसास लगातार इंटरवल तक बना रहता है,-1
मगर जो उनके फैन नहीं हैं उन्हें शायद यह फ़िल्म रास ना आए,-1
कभी-कभी यूं लगा शायद श्रद्धा की कास्टिंग इस फ़िल्म के लिए ठीक नहीं,-1
दर्शकों से कनेक्ट नहीं कर पाई 'हसीना पारकर,-1
अभिनय की बात की जाए तो कुणाल राय कपूर अगर और मेहनत कर लेते तो उनके किरदार में और जान आ पाती,-1
फ़िल्म का स्क्रीनप्ले बहुत ही अच्छा लिखा गया है और कहानी भी मनोरंजक है,-1
अगर वह अपना वजन थोड़ा कम कर लेते तो एक कॉलेज स्टूडेंट या उसके आस-पास का उनका किरदार थोड़ा कन्विन्शिंग लगता,-1
कुल मिलाकर 'लखनऊ सेंट्रल' कोई महान फ़िल्म तो नहीं मगर एक बार देखी जा सकती है,-1
निराश करती है यह 'सिमरन',-1
यह फ़िल्म अत्यंत साधारण फ़िल्म है,-1
फ़िल्म शुरू होने के कुछ समय तक तो आपको समझ ही नहीं आता कि आखिर हो क्या रहा है,-1
एडिटिंग बहुत ही कमजोर है,-1
स्टोरी और स्क्रीनप्ले पर बिल्कुल भी मेहनत नहीं की गई है,-1
फ़िल्म का संगीत साधारण है,-1
हंसल मेहता का निर्देशन इस बार कमजोर पड़ गया,-1
मगर आसिम इसे एक साधारण सी फ़िल्म के ऊपर नहीं ले जा पाए हैं,-1
यही इस फ़िल्म की सबसे बड़ी कमी है,-1
एडिटिंग पर थोड़ा और काम होना चाहिए था,-1
"लेकिन, उसमें काफी कमियां नजर आती हैं। इन सबके बीच सबसे बड़ी कमी नजर आती है स्क्रिप्ट डिपार्टमेंट में",-1
मगर जैसे ही कहानी आगे बढ़ती है एक रेग्यूलर मसाला फ़िल्म की तरह ही नज़र आती है 'बादशाहो',-1
क्लाइमेक्स पर आकर आप खुद को ठगा सा महसूस करते हैं,-1
इतनी बड़ी समस्या का ऐसा समाधान लेखन विभाग की असफलता दिखाती है,-1
फ़िल्म के लेखक रजत अरोरा के साथ निर्देशक मिलन लूथरिया को थोड़ी और मेहनत की जरूरत थी,-1
कुल मिलाकर 'बादशाहो' एक औसत फ़िल्म है,-1
निर्देशक कृष्णा डीके और राज की फ़िल्म 'अ जेंटलमैन' एक औसत कमर्शियल फ़िल्म है,-1
जिसमें ज्यादा दिमाग लगाने की जरूरत नहीं होती,-1
"निर्देशक द्वय ने फ़िल्म पर अपनी पकड़ बनाए रखने के लिए काफी मशक्कत भी की है किंतु, वे सफलता हासिल नहीं कर सकें",-1
मगर कहानी में कोई ख़ास दम नहीं है,-1
"गिने-चुने दृश्यों के अलावा फ़िल्म,दर्शकों पर पकड़ बरकरार नहीं रख पाती",-1
इस तरह की फ़िल्म का आईडिया किसी हॉलीवुड फ़िल्म को देखकर आया है और इसका भारतीयकरण बिल्कुल जल्दबाजी में और बचकाने तरीके से बिना भारतीय व्यवस्था को समझे किया गया है,-1
अंडर ट्रायल जैसे गंभीर मुद्दे को बहुत ही सतही तौर पर प्रस्तुत किया गया है,-1
अभिनय की बात की जाए तो आधार जैन को अभी काफी मेहनत करने की जरूरत है,-1
"उनमें संभावनाएं जरूर हैं मगर, उनके लॉन्चिंग में जल्दीबाजी की गई है",-1
उनका चित्रण बहुत ही फॉल्स है,-1
आप चाहे तो यह फ़िल्म छोड़ भी सकते हैं,-1
स्क्रीन पर आते ही उसकी हवा निकल गई है,-1
इस फ़िल्म का सबसे कमजोर हिस्सा इसका स्क्रीनप्ले और कहानी ही है,-1
"कुल मिलाकर यह कहा जाए तो गलत नहीं होगा कि 'बाबूमोशाय बंदूकबाज' एक साधारण सी फ़िल्म है, जो उम्मीदों पर खरी नहीं उतरती",-1
नवाजुद्दीन सिद्दीकी के चाहने वाले उनकी छवि को देखते हुए यह फ़िल्म को देखने जाएंगे निराश ही होंगे,-1
समय की कमी और इतना मुश्किल काम जल्द करने में असमर्थ रेडक्लिफ़ अपने हाथ खड़े कर देते हैं,-1
जो कभी-कभी फ़िल्म को उबाऊ कर देता है,-1
फ़िल्म के क्राफ्ट के हिसाब से कई सारी जगह सिंथेटिक लगती है,-1
कुल मिलाकर पार्टीशन हमारे दौर की एक महत्वपूर्ण फ़िल्म तो है मगर इसका नज़रिया कहीं न कहीं एकतरफा लगता है,-1
फ़िल्म अनावश्यक रूप से काफी लंबी है,-1
इंटरवल तक फ़िल्म बोझिल हो जाती है,-1
स्क्रीनप्ले पर और मेहनत की जानी चाहिए थी,-1
सिनेमेटोग्राफी भी और बेहतर होती तो फ़िल्म दर्शनीय बन पाती,-1
"जिनके दिमाग में शाह रुख़ ख़ान की फ़िल्म यानी भव्य, सुपरमैन की तरह का नायक और बड़े-बड़े सेट्स हैं वो इस फ़िल्म से शायद खुद को जोड़ न पाएं",-1
"पूरी फ़िल्म में अपनी पकड़ बनाये रखने वाले इम्तियाज़ ने क्लाइमेक्स में अपनी फ़िल्मी लिबर्टी ले ली, जो कुछ छूट गया का अहसास कराती है",-1
मधुर सिर्फ एक मामले में चूक गए। जो शायद युवा पीढ़ी को गुमराह करे,-1
"हां, कुछ लॉजिकल फॉल्ट्स हैं फिल्म में जो हर कमर्शियल फिल्मों में अक्सर होते हैं",-1
उन्हें अभी दिखाना होगा कि वो अभिनय के कितने आयाम मौजूद हैं,-1
स्लो स्क्रीनप्ले और जरुरत से ज्यादा उलझी कहानी आप को बोर कर सकते हैं,-1
ढेर सारे ट्रेक्स ओनिर खोल देते है उसमें दर्शक कंफ्यूज हो जाता है कि आखिर चल क्या रहा है,-1
पेस एंड रीदम का फिल्म में अभाव है जिससे फिल्म का ग्राफ एक जैसा ग्रो नहीं करता,-1
फ़र्स्टहाफ थोड़ा खींच गया,-1
मिथुन के संगीत से सजी फिल्‍म चुस्त एडिटिंग में मात खाती है,-1
समर्थ कलाकारों के बावजूद दिक्कत लेखन से हो गई है,-1
संवादों में रचनात्‍मकता का पुट होने के बावजूद हंसी चेहरे पर नहीं पसर पाती है,-1
हालांकि इन सब चीजों के बावजूद फिल्म का घटनाक्रम कहानी को बड़ी प्रेडिक्‍टेबल सी बना गई है,-1
इससे यह आला दर्जे की थ्रिलर बनते-बनते रह गई है,-1
एक जमाने में सफल फिल्में दे चुके सुनील दर्शन की यह फिल्म उक्त कारणों के चलते असरहीन हो गई है,-1
दीम के संगीत को छोड़ दें तो यह लेष मात्र भी प्रभाव नहीं छोड़ती,-1
कहानी तो रिक्‍त स्थानों की पूर्ति भर कर रहे हैं,-1
थ्रिलर का स्तर धारावाहिकों सा हो गया है। वह कई मौकों पर हास्यास्पद सा लगा है,-1
बोल और भाव-भंगिमा में बड़ा फासला दिखता है,-1
‘ट्यूबलाइट’ के इस महत्‍वपूर्ण संदेश में फिल्‍म थोड़ी फिसल जाती है,-1
यह फिल्‍म पूर्वार्द्ध में थोड़ी शिथिल पड़ी है,-1
अमजद खान के अवतार में विवेक ओबेरॉय जरा सी कसर छोड़ गए,-1
सीमित साधनों और बजट की अभिषेक सक्‍सेना निर्देशित ‘फुल्‍लू’ आरंभिक चमक के बाद क्रिएटिविटी में भी सीमित रह गई है,-1
नेक इरादे से बनाई गई इस फिल्‍म में घटनाएं इतनी कम हैं कि कथा विस्‍तार नहीं हो सका है,-1
फिल्‍म एकआयामी होकर रह जाती है,-1
इस वजह से फिल्‍म का संदेश प्रभावी तरीके से व्‍यक्‍त नहीे हो पाता,-1
"लेखक ने फुल्‍लू का मासूम किरदार तो गढ़ा है,लेकिन उस किरदार को कार्य और क्रिया नहीं दे सके हैं",-1
फिल्‍म के बाकी किरदारों का रवैया भी स्‍पष्‍ट नहीं होता,-1
अकेल शारिब हाश्‍मी पर टिकी यह फिल्‍म पूरी होने के पहले ही हांफने लगती है,-1
साफ लगता है कि बोल्‍डनेस की चाह रखने वालों का खास ख्‍याल रखा गया है,-1
"बहरहाल, दिक्कत अत्‍याधिक सरल पटकथा के चलते हो गई है",-1
रहस्य और रोमांच का तानाबाना ढंग से नहीं बन पाया है,-1
साथ ही यह एक्शन से ज्यादा कॉमेडी की गलियों में गुम हो जाती है,-1
साइकोलॉजिकल बीमारियों के बारे में समुचित जानकारी का अभाव खटकता है,-1
खंडित शख्सियत के शिकार जय को चित्रित करने में प्रवीण कमजोर पड़े हैं,-1
हालांकि डायलाग वह सपाट तरीके से बोलती नजर आती हैं,-1
"वह डर, परेशानी और द्वंद्व में फंसे शख्स के भावों को पूरी तरह उकेर नहीं पाए हैं",-1
रॉनी बने ध्रुव बाली अभिनय में कच्चे लगे,-1
वह भी प्रभावहीन लगी हैं,-1
उनके किरदारों को सही से गढ़ा नहीं गया है,-1
बाकी सहयोगी कलाकार खानापूर्ति करते दिखते हैं,-1
इस फिल्म पर थोड़ी और मेहनत की गई होती और सचिन तेंदुलकर के व्यक्त्त्वि को खंगाला गया होता तो यह फिल्म दूरगामी प्रभाव की हो जाती,-1
यों लगता है कि सचिन की तरफ से निर्माता-निर्देशक को भरपूर सहयोग नहीं मिला,-1
"भाषा, परिवेश और माहौल में ‘हाफ गर्लफ्रेंड’ में कसर रह जाती है और उसके कारण अंतिम असर कमजोर होता है",-1
हाफ गर्लफ्रेंड’ में तर्क दरकिनार है और संयोगों की भरमार है,-1
‘हिंदी मीडियम’ जैसी बेहतरीन फिल्‍म का यह कमजोर अंश है,-1
कमी है तो ऐसे प्रसंगों और दृश्यों की जहां वे विस्तार और गहराई पा सकें,-1
हिंदी के प्रयोग में व्याकरण और व्यवहार की गलतियां आम होती जा रही हैं,-1
रामगोपाल वर्मा की ‘सरकार 3’ उम्मीदों पर खरी नहीं उतरती,-1
फिल्म चारों खाने चित्त हो जाती है,-1
"अफसोस, यह हमारे समय के समर्थ फिल्मकार का भयंकर भटकाव है",-1
"अमिताभ बच्चकन, मनोज बाजपेयी और बाकी कलाकारों की उम्दा अदाकारी, रामकुमार सिंह के संवाद और तकनीकी टीम के प्रयत्नों के बावजूद फिल्म संभल नहीं पाती",-1
"लम्हों, दृश्यों और छिटपुट परफारमेंस की खूबियों के बावजूद फिल्म अंतिम प्रभाव नहीं डाल पाती",-1
कहानी और पटकथा के स्तर की दिक्कतें फिल्म की गति और निष्‍पत्ति रोकती हैं,-1
रामगोपाल वर्मा सभी किरदारों को लेकर रोचक ड्रामा बुनने में चूकते हैं।,-1
‘सरकार 3’ रामगोपाल वर्मा की विफल फिल्मोंं की सूची में रहेगी,-1
उन दृश्यों में नवीनता नहीं है,-1
पर थोड़ा ठहरकर या सिनेमाघर से निकल कर सोचें तो यह आनंद मुट्ठी में बंधी रेत की तरह फिसल जाती है,-1
भारतीय फिल्‍मों का अावश्‍यक तत्व है इमोशन... इस फिल्‍म में इमोशन की कमी है,-1
"वात्‍सल्‍य, प्रेम और ईर्ष्‍या के भावों को गहराई नहीं मिल पाती",-1
इस विस्‍तार में धीमी फिल्‍म और बोझिल हो जाती है,-1
अफसोस है कि नूर को पर्दे पर जीने की कोशिश में अपनी सीमाओं को लांघती सोनाक्षी सिन्‍हा का प्रयास बेअसर रह जाता है,-1
लेकिन लेखक और निर्देशक उनकी मेहनत पर पानी फेर देते हैं,-1
यह फिल्‍म अपने उद्देश्‍य तक नहीं पहुंच पाती,-1
अपने उपसंहार में यह फिल्म दुविधा की शिकार होती है,-1
"अहम मुद्दे पर अहमकाना तो नहीं, लेकिन बहकी हुई फिल्म हमें मिलती है",-1
उनकी संवाद अदायगी और गुस्सैल अदाकारी बेहतर है,-1
रही-सही कसर उन सबको मिले कमजोर संवादों ने पूरी कर दी है,-1
यह उनके अब तक के करियर की सबसे कमजोर परफॉरमेंस कही जाएगी,-1
हालांकि जरूरत से ज्यादा गानों ने फिल्‍म की गति बाधित ही की है,-1
फ़िल्म का प्लॉट पेचीदा और उलझा हुआ है,-1
"कहानी भागती और बिखरी हुई है, जो दर्शक को बांधकर नहीं रख पाती",-1
"संवाद बेतरतीब और दार्शनिक भाव लिए हुए हैं, जिससे वो असरहीन प्रतीत होते हैं",-1
किरदारों की अदाकारी में गहराई का अभाव है,-1
अदाकारी में लापरवाही की झलक है,-1
अवधि लगभग दो घंटे होने की वजह से फ़िल्म थका सकती है,-1
हालांकि लंबे वक़्त तक फ़िल्म बांधे रखने में कामयाब नहीं होती,-1
कहानी इस पेंच तक आने के बाद उलझ जाती है,-1
लेखक और निर्देशक कभी रोमांस तो कभी राजनीति की गलियों में मिर्जा और जूलिएट के साथ भटकने लगते हैं,-1
बाकी किरदारों को स्‍पेस देने के चक्‍क्‍र में फिल्‍म का प्रवाह शिथिल और बाधित होता है,-1
दर्शन कुमार उनका साथ देने में कहीं-कहीं पिछड़ जाते हैं,-1
उनके किरदार के गठन की कमजोरी से उनका अभिनय प्रभावित होता है,-1
उद्दाम प्रेमी के रूप में वे निखर नहीं पाते,-1
लेकिन बाद में वही दोहराव लगने लगती है,-1
उनकी रिश्‍तेदारी और उनकी भाषा कहीं-कहीं खटकती है,-1
फिल्‍म में एक ही कमी है- कहानी,-1
अभी के समय के चित्रण में वही कौशल नहीं दिखा है,-1
"‘मशीन’ अब्‍बास-मस्‍तान की सबसे कमजोर फिल्‍म के रूप में याद की जाएगी,जिसमें एक लोकेशन के अलावा सब कुछ फिसड्डी रहा",-1
इससे फिल्‍म लचर होने के कारण देखने लायक भी नहीं रह गई,-1
दृश्‍य कमजोर हैं और अभिनेताओं का प्रदर्शन और भी कमजोर है,-1
रोमांटिक और नाटकीय संवादों में हंसी छूटती है,-1
फिल्‍म में कुछ कमियां भी हैं।,-1
कुछ दृश्‍य बेवजह लंबे हो गए हैं,-1
कुछ प्रसंग निरर्थक हैं।,-1
"ईशा गुप्‍ता को दबंग किरदार मिला है, लेकिन वह इतनी समर्थ नहीं हैं कि मारिया को ढंग से निभा पाएं",-1
अभिनय और परफारमेंस के लिहाज से इस फिल्‍म में सभी निराश करते हैं,-1
केशव पानेरी निर्देशित ‘जीना इसी का नाम है’ एक मुश्किल फिल्‍म है। यह दर्शकों की भी मुश्किल बढ़ाती है,-1
स्क्रिप्‍ट की सीमा और कमजोरी ही उनकी हद बन गई है,-1
उनके चरित्र चित्रण में अधूरापन है,-1
अनेक प्रतिभाओं के योगदान के बावजूद गीत-संगीत मामूली है,-1
सहकलाकारों की बदतरीन अदाकारी से सीक्वेंस हास्यास्पद हो गए हैं,-1
परिणामस्वरूप संवाद अदायगी के दौरान उनके चेहरे पर फ्लैट भाव कैमरे में कैद हुए,-1
पर्दे पर वह देखना हताशाजनक था,-1
इस मूक-चूक और लापरवाही से फिल्म अपनी संभावनाओं को ही मार डालती है और एक औसत फिल्म रह जाती है,-1
फिल्म का प्रवाह टूटता है,-1
किरदारों को गढ़ने में टीम का ढीलापन भरोसे और अन्य किरदारों में भी दिखता है,-1
अमित साध ने संवाद और भाषा का अभ्यास नहीं किया है,-1
फिल्मी रूपातंरण में वे तथ्यों को रोचक तरीके से नहीं रख पाए हैं,-1
ऐसा लगता है कि किरदार आपस में जुड़ नहीं पा रहे हैं,-1
सुधार और परिष्कार की संभावनाएं हैं,-1
‘रईस’ की यही खूबी और खामी है कि कमर्शियल मसाले डालकर मनोरंजन को रियलिस्टिक तरीके से परोसने की कोशिश की गई है,-1
निर्देशक ने उनकी क्षमता का पूरा उपयोग वहीं किया है,-1
मूल कथा और रईस के मिजाज के लिए जरूरी होने के बावजूद जोड़ा गया लगता है,-1
"पारूल बनी अंजना सुखानी और गीत-संगीत, सब असरहीन हैं।",-1
स्क्रीन पर स्पष्ट नजर आता है कि उन्होंने आधे-अधूरे मन से अदायगी की है,-1
कई जगह हिंदी फिल्मों के प्रचलित घिटे पिटे डायलाग का उपयोग अखरता है,-1
रजनीश दुग्गल कहीं-कहीं नाटकीय लगे हैं,-1
जरीन खान डांस में निराश करती हैं,-1
फिल्म के आइटम सांग का फिल्मांकन प्रभावशाली नहीं है,-1
शायरा का अतीत में अटके रहना खटकता है,-1
वह कहानी के मिजाज से मेल नहीं खाता,-1
"शेखर के पास हर प्रसंग के लिए दर्शन है, लेकिन खुद भावनात्मक झंझावात में फंसने पर वह बिखर जाता है",-1
"अनुभव सिन्हा मौलिक नहीं हैं, लेकिन उन्होंने अपनी ही फिल्म से बीज लिए हैं",-1
भाषा की अशुद्धियां खटकती हैं,-1
एनीमेशन उसी प्रकार आला दर्जे का नहीं है-,-1
फिल्म के साथ मेघालय का मुद्दा ढंग से मेल नहीं करता,-1
सब कुछ जबरदस्ती ठूंसा हुआ लगता है,-1
‘रॉक ऑन 2’ की पटकथा ढीली है,-1
संक्षेप में सीक्वल का संगीत पिछली फिल्म से कमजोर और साधारण है,-1
"अर्जुन रामपाल का किरदार आध-अधूरा रह गया है, इसलिए पिछली फिल्म की तरह वे असरदार नहीं दिखते",-1
साथ ही किरदारों की भाषा पर खास ध्यान नहीं दिया गया है,-1
उनके किरदारों को सही परिप्रेक्ष्य नहीं मिला है। उनके चरित्रों के निर्वाह में ढीलापन है,-1
’31 अक्टूबर’ देखते हुए तकलीफ होती है कि एक जरूरी फिल्म सरोकारी जल्दबाजी और संसाधनों की कमी की शिकार हो गई,-1
तकनीकी रूप से यह कमजोर फिल्म है,-1
छायांकन से लेकर अन्य तकनीकी मामलों की कमियां फिल्म को बेअसर करती हैं,-1
यही वजह है कि निर्देशक रॉन होवार्ड की कोशिशों के बावजूद फिल्म साधारण ही रह जाती है,-1
"फिल्म की कमजोरी इसकी पटकथा है, जो विश्वसनीयता पैदा नहीं कर पाती",-1
ज्यादातर दृश्य रोचक शुरूआत के बाद बीच में ही अटक और फिर भटक जाते हैं,-1
एक्शन और तकनीकी प्रभावों के बावजूद फिल्म प्रभावित नहीं करती,-1
फिल्म अतार्किक है,-1
घटनाओं और प्रसंगों में सामंजस्य नहीं है,-1
सभी की मेहनत के बावजूद कुछ छूट जाता है,-1
फिल्म बांध नहीं पाती है,-1
कमी है तो कंटेंट की,-1
गुलजार अपनी खासियत के बावजूद प्रभावित नहीं कर पाते,-1
दूसरे ट्रैक से भी कहानी भटकती है,-1
उस बोली को नहीं समझने वाले दर्शकों को थोड़ी दिक्कत हो सकती है,-1
सही मुद्दे पर व्यंग्यात्मक फिल्म बनाने की कोशिश में लेखक-निर्देशक असफल रह जाते हैं,-1
दृश्यों से संयोजन और चित्रण में बारीकी नहीं है,-1
यूं लगता है कि सीमित बजट में सब कुछ समेटने की जल्दबाजी है,-1
विक्रम भट्ट के इस फार्मूले में अब कोई रस नहीं बचा है,-1
फिल्म शुरू होते ही समझ में आ जाता है कि विक्रम भट्ट कुछ नया नहीं दिखाने जाा रहे हैं,-1
बाकी विक्रम भट्ट ने हॉरर फिल्मों में घिस-पिट चुके दृश्यों को ही दोहराया है।,-1
विक्रम भट्ट की हॉरर फिल्में अब बिल्कुल नहीं डरा रहीं,-1
बाकी कलाकार भरपाई के लिए हैं,-1
अरबाज खान लंबे अनुभवों के बावजूद नवाज के साथ के दृश्यों में घिसटते ही नजर आते हैं,-1
इसका असर नवाज के परफारमेंस पर भी पड़ा है,-1
‘फ्रीकी अली’ में प्रोडक्शन की भी कमियां हैं,-1
सेट और कॉस्ट्यूम में कल्पना और बजट की कटौती से फिल्म का प्रभाव कम हुआ है,-1
यह दोनों कलाकारों की सीमा के साथ निर्देशक की चूक है,-1
‘बार बार देखो’ जैसी फिल्में कुछ नया बताने की जगह बार-बार पुराने तौर-तरीकों में ले जाती हैं,-1
"यह फिल्म कहानी, संरचना और प्रस्तुति के स्तर पर लचर और कमजोर है",-1
टाइगर श्रॉफ समेत सभी अभिनेता प्रभावहीन हैं,-1
टाइगर श्रॉफ नाटकीय दृश्यों में दो-ती एक्सप्रेशन से आगे नहीं बढ़ पाते,-1
केके मेनन बिल्कुंल नहीं जंचे हैं,-1
उनके लुक पर भी काम नहीं किया गया है,-1
यह अपने उद्देश्यों पर ही खरी नहीं उतरती।,-1
पियूष मिश्रा का राजेंद्र नाथ की स्टाइल में आना खटकता है,-1
"चूंकि किरदार के चित्रण में नवीनता नहीं है, कदाचित इसी कारण से वे अपनी बेहतर फिल्मों की तरह प्रभावशाली नहीं हो पाए हैं",-1
कमी है तो कहानी की,-1
अरूणोदय सिंह निराश करते हैं,-1
इस फिल्म का आनंद छोटे पर्दे पर नहीं मिल सकता,-1
नहीं है तो ड्रामा। और अभिनेत्रियों की अदाकारी बुरी तरह से निराश करती है।,-1
राजीव खंडेलवाल के पास ऐसी फिल्में आती हैं या वे स्वयं ऐसी उलझी पटकथा और किरदारों की फिल्में चुनते हैं।,-1
कहीं न कहीं समीकरण गड़बड़ हो जाता है और उनकी फिल्में अंतिम प्रभाव में कमजोर हो जाती हैं।,-1
नाम बड़े पर दर्शन छोटे-खोटे,-1
ऐसे में पटना की फील फिल्म में नदारद है,-1
बिहारी लहजे में बोली गई हिंदी मजाक बनकर रह गई है,-1
आंचलिकता का प्रभाव होने के बावजूद ढीली पटकथा होने की वजह से अरशद वारसी और बमन ईरानी जैसे कलाकारों की प्रतिभा नष्ट हुई है,-1
गीत-संगीत में भी दम नहीं है।,-1
निशिकांत कामत ने फिल्म में किसी युक्ति से काम नहीं लिया है,-1
फिल्म सरत तरीके से धीमी चाल में अपने अंत तक पहुंचती है,-1
इसी वजह से पटकथा समतल नहीं रहती और प्रवाह टूटता है। झटके लगते हैं,-1
"कहानी का प्लॉट प्रभावी है, मगर वह सीन से अनावश्यक मोह के चलते चुस्त और रोमांचक बनने से रह गई है",-1
"दृश्य लंबे हो गए हैं, उससे फिल्म की गति में व्यवधान पड़ता है",-1
उससे कहानी एक अलग दिशा में भटक जाती है,-1
भावों को व्यक्त करने में पुलकित सम्राट कहीं-कहीं फिसले हैं,-1
इस बार विद्या बालन अपनी मौजूदगी से प्रभावित नहीं कर सकीं। कुछ कमी रह गई।,-1
‘दो लफ्जों की कहानी’ ऐसी ही घिसी-पिटी पटकथा पर पसरी फिल्म है,-1
रण्दीप हुडा इधर अपनी फिल्मों में अतिरिक्त मेहनत करते दिखाई पड़ रहे हैं,-1
"वे अपने से स्क्रिप्ट और किरदार में जान डालने की कोशिश करते हैं, लेकिन उन्हें लेखक और निर्देशक का समुचित सपोर्ट नहीं मिल पाता",-1
"कोफ्त होती है। खुद पर और उन कलाकारों पर भी, जो निहायत संजीदगी से ऊलजुलूल हरकतें करते हैं",-1
यह फिल्म फूहड़ दृश्यों और राइटिंग का नमूना है,-1
बेमतलब और बेखुदी में ही किरदार कुछ बकते नजर आते हैं,-1
इस वजह से नेक इरादों के बावजूद फिल्म कमजोर होती है,-1
"बायोपिक फिल्में बनाने के लिए जिस सोच और सौंदर्यदृष्टि की जरूरत होती है, उसकी कमी ‘सरबजीत’ में खलती है",-1
दलबीर का संघर्ष एक सीमित दायरे में सिमट कर रह जाता है,-1
नतीजतन उनकी मेहनत का प्रभाव कम होता है।,-1
पाकिस्तानी वकील की भूमिका में दर्शन कुमार निराश करते हैं।,-1
सबके सामूहिक भार से पूरी फिल्म फ्लैट हो गई है,-1
यहां वह नदारद  है,-1
जहां कलाकारों के चेहरे पर प्राणहीन भाव पकड़ में आ गए हैं। इन सबसे फिल्म निष्प्रभावी हो गई है,-1
कुल मिलाकर यह सिने व खेल दानों जगत के प्रशंसकों की अपेक्षाओं पर कुठाराघात है।,-1
"फिल्म की कमजोर कड़ी भवानी अय्यर की किस्सागोई का तरीका, पटकथा व मुख्य कलाकारों का औसत प्रदर्शन है",-1
सिमरन के रोल में नायरा बनर्जी असर छोड़ पाने में बेअसर रही हैं,-1
पर इमोशनल सीन में उनकी कमी साफ नजर आई,-1
दिक्कत दोनों के बीच तालमेल बिठाने में हुई है,-1
वे यहां छाप छोड़ने में निष्फल रही हैं,-1
उन्हें अदाकारी में और निखार लाना होगा,-1
कुछ दृश्यों में पारंपरिक अतिनाटकीयता निराश करती है,-1
कुछ दृश्यों में मुख्य कलाकारों (करीना और अर्जुन) की जुगलबंदी नहीं हो सकी है,-1
एक ही गीत को बार-बार अलग अंतरों के साथ पृष्ठभूमि में सुनना भी अखरने लगता है।,-1
उस रिश्ते की प्रगाढ़ता को लेखक-निर्देशक हिंदी फिल्मों के प्रचलित तरीके से नहीं दिखा पाए हैं। नतीजतन फिल्म में इमोशन की कमी लगती है,-1
तेरा सुरूर' की पटकथा कसी हुई है,-1
इंटरवल के बाद तो व्यक्तियों के नाम और उनकी भागीदारी इतनी तेजी से बढ़ती है कि रघु के साथ दर्शक भी ट्रैक रखने में दिक्कत महसूस करते हैं।,-1
किरदार के तौर पर उन्हें अधिक विस्तार नहीं दिया गया है,-1
'ग्लोबल बाबा' सीमित बजट और संसाधनों से बनी फिल्म है। इस सीमा का प्रभाव पूरी फिल्म में दिखाई पड़ता है,-1
लेखक ने फिल्म को रोचक बनाए रखने के लिए घटनाएं भर दी हैं,-1
मनीष पॉल भरपूर कोशिश करते हैं कि वे किरदार में रहें,-1
उनके लुक की निरंतरता पर भी ध्यान नहीं दिया गया है,-1
अफसोस कि अली जफर की मौजूदगी फिल्म में कुछ नहीं जोड़ती,-1
एक्शन के ख्वाहिशमंदों को उसकी कमी इसमें खल सकती है,-1
रोचक विषय की यह फिल्म चरित्रों के निर्वाह और गठन की कमी से प्रभावशाली नहीं रह जाती,-1
"अभिषेक कपूर की ‘फितूर’ की सजावट आकर्षक और सुंदर है, लेकिन उसकी बनावट में कमी रह गई है",-1
नतीजतन फिल्म बिखरी हुई लगती है,-1
इसी प्रकार ट्रेन के एक्शन सीक्वेंस में भी समस्याएं हैं,-1
लेखक-निर्देशक ने इस जरूरत के मद्देनजर फिल्म के अपने प्रवाह को बार-बार मोड़ा है,-1
हर्षवद्धन संवाद अदायगी में कुछ कमजोर हैं।,-1
दोनों ही अभिनेताओं ने अपनी कई फूहड़ हरकतें करने में निर्देशक की सोच का साथ दिया है,-1
फिल्मी की कोई ठोस कहानी नहीं है,-1
ऐसी फिल्मों के शौकीन भी 'मस्तीजादे' से निराश होंगे।,-1
इस बार फिल्म के दृश्यों और किरदारों के व्यवहार में अधिक फूहड़ता दिखी,-1
दर्शकों को हंसी नहीं आती,-1
"'चॉक एन डस्टर' तकनीक, प्रस्तुति और शिल्प में थोड़ी पुरानी लगती है",-1
कहानी धीमी गति से आगे बढ़ती है। और फिर कुछ दृश्यों में अटक जाती है,-1
समस्या यह है कि निर्देशक भी एक हद के बाद आग्रह छोड़ देते हैं,-1
"इस फिल्म के प्रति वितरकों और प्रदर्शकों की उदासीनता कुछ वैसी ही है, जो इस फिल्म की थीम है",-1
चूक और कमियों की वजह कई बार निर्देशक की सोच से अधिक बजट और संसाधनों की सीमाएं भी होती हैं,-1
संजय लीला भंसाली की ‘बाजीराव मस्तानी’ में कथात्मक तत्व कम हैं। ज्यादा पेंच और घटनाएं नहीं हैं,-1
फिल्म के क्लाइमेक्स से थोड़ी निराशा होती है।,-1
लेकिन कुछ दृश्यों में वे भाव-मनोभाव में कंफ्यूज दिखते हें,-1
एक दिक्कत रही है कि वे अपने परफॉर्मेंस पर काबू नहीं रख सके,-1
फिल्म का आखिरी हिस्सा कमजोर और मुख्य कहानी से अलग है,-1
फिल्म का दूसरा हिस्सा कुछ खींचा हुआ सा लगता है।,-1
शायद दर्शकों को उनसे उतना लगाव नहीं रहा।,-1
पिछले कुछ अर्से से हर चौथी मेगा बजट मल्टिस्टारर फिल्म से प्रीतम का नाम जुड़ता है। ऐसे में उनके संगीत से अब मेलोडी गायब होने लगी है। फिल्म का गाना क्यूं पैसे पे तू मरती है को छोड़ दिया जाए तो बाकी सभी गाने समझ से परे हैं।,-1
"चूंकि पूरी फिल्म सेल्समैन के आसपास टिकी है , ऐसे में इसमें रोमांस वगैरह की कहीं गुंजाइश ना होने से गीत संगीत में फिल्म का यह कमजोर पक्ष है।",-1
"फिल्म की कहानी 70-80 के दशक की उन फिल्मों की याद दिलाती है , जिनमें नायिका खुद को अबला , बेबस और पति को देवता समझती है। फिल्म की कहानी खुशहाल पति - पत्नी के बीच किसी तीसरे शख्स के आने की है। कहानी में कुछ भी नयापन नहीं है। ऐसा लगता है कि फिल्म के हीरो प्रकाश सागर ने बिना किसी तैयारी के कैमरा फेस किया है। कुछ यही हाल बाकी स्टार कास्ट का भी है।",-1
"उधर सामने वाला बेवकूफ समझ तरह-तरह के स्वांग भर हमारा ध्यान रोज-रोज के दुख, दर्द, मंहगाई, कठिनाई, नून, तेल लकड़ी{गैस}से हटा अपने तरीके से प्रभावित करने के लिये ही तमाशा करता रहता है।",-1
फिल्म में सिवाय गोवा के बीचेज में बेहद कम कपड़ो में नहाती निशा कोठारी के अलावा कुछ नहीं है.,-1
संगीत सिवन की क्लिक साधारण किस्म की डरावनी फिल्म है।,-1
"स्नेहा उल्लाल को अच्छा रोल तो मिला , लेकिन रोल में जान डालने में कामयाब नहीं रही। 
ऐसी फिल्मों में गाने रुकावट बनकर रह जाते है। 
कुछ यही हाल इस फिल्म में भी है गाने अच्छे और कर्णप्रिय है , लेकिन स्क्रिप्ट में उनके लिए गुंजाइश नहीं थी , सो चम चम चांद सा चेहरा , यादें याद आती है , मेरी जान जाती है जैसे अच्छे गाने भी असर नहीं छोड़ पाते।",-1
दूसरी ओर उड़िया पृष्ठभूमि पर बनी इस फिल्म में ऐसा कोई चालू मसाला मौजूद नहीं है जो दर्शकों को सिनेमाघरों की ओर खींच सके।,-1
पर्दे पर दिखाया जा रहा खौफ सिनेमाघर में नहीं पसर पाता।,-1
"ऐसा लगता है , मल्टिप्लेक्सों पर जुटती टीनएजर्स की भीड़ को खींचने के मकसद से डायरेक्टर ने यह बोल्ड सब्जेक्ट चुना और खुद ही भटक बैठे। फिल्म का ऐंड कोई ठोस मेसिज नहीं दे पाता। माही को डायरेक्टर ने कुछ ज्यादा ही बोल्ड पेश किया है। ऐसा नहीं लगता कि फैमिली क्लास फिल्म को देखने थिएटर का रुख करेगी। अनु मलिक के संगीत और समीर के गीतों में दम नहीं ।",-1
फिल्म को तो लोग ज्यादा पसंद कर नहीं रहे,-1
यह सब किसके दिमाग की उपज होती है?,-1
"हर दृश्य धम्म, धड़ाक म, फट-फटाक, थड , च्यूं-च्यूं जैसी किसी ध्वनि और शार्प कट के साथ अकस्मात खत्म होता है।",-1
करियर की तीसरी फिल्म में अध्ययन पिछली फिल्मों के मुकाबले कुछ और निखर कर सामने आए हैं। लेकिन रॉक स्टार की भूमिका को निभाते अध्ययन कई दृश्यों में कुछ ज्यादा ही ओवर ऐक्टिंग कर बैठे। अघ्ययन अगर कुछ ऐसे ही सब्जेक्ट पर बनी फिल्म रॉक ऑन में फरहान अख्तर और अर्जुन रामपाल द्वारा निभाई भूमिकाओं को फॉलो करते तो इस एहसास को और अच्छी तरह समझ पाते कि अंदर छुपे सपने को साकार करना इतना आसान भी नहीं।,-1
ऐसे में एक ट्रैक पर बीमार और बेबस हीरो की यह कहानी एंटरटेनमेंट की चाह में हॉल आए दर्शकों को निराश करती है।,-1
गोविंदा को कॉमिडी छोड़कर अब कुछ सीरियस रोल्स की तरफ भी ध्यान देना चाहिए। तुषार के काम को झेलना मुश्किल लगता है।,-1
लेकिन एक हसीना थी फेम श्रीराम राघवन इस मामले में चूक गये हैं.,-1
सलमान खान का एक रंगी रोमांस अब अधिक नहीं लुभाता है।,-1
"वैसे भी कहानी में गानों के लिए गुंजाइश नहीं थी , और जो गाना फिल्म में है , फिल्म में कब आया और कब चला गया दर्शकों को पता ही नहीं चलता।",-1
"इंटरवल से पहले कहानी की गति सुस्त है।
क्लाइमेक्स को और असरदार बनाया जा सकता था।",-1
"पिंडारी, अंग्रेज, उन्नीसवीं सदी का भारत कुछ भी तो फिल्म में ढंग से रेखांकित नहीं हो पाया है।",-1
लेकिन शायद इसका भी कोई असर फिल्म को संजोने में नहीं हो पाया,-1
अपनी फिल्म ' कल किसने देखा ' से अपने बेटे जैकी भगनानी को लॉन्च किया। लेकिन बेटे को ज्यादा से ज्यादा फुटेज देने की चाह में कहानी ऐसी तोड़ - मरोड़ दी गई कि फिल्म जैकी के कमजोर कंधों पर टिक कर रह गई।,-1
"एक ओर तमाशा हुआ, जो अक्सर देश के अलग-अलग शहरों में मौके-बेमौके होता रहता है",-1
"इमरान हाशमी इस फिल्म में राज -2 के बाद एकबार फिर पेंटर बने है और अपने रोल में जमे हैं , लेकिन सोहा संजना के रोल में पूरी तरह मिस फिट नजर आती हैं। रिलीस से पहले की गई फिल्म की पब्लिसिटी में इसे मुंबई में हुई बारिश पर बेस्ड फिल्म बताकर प्रचारित किया गया , लेकिन अफसोस डायरेक्टर इमरान सोहा की लव स्टोरी में बारिश को भूल गए। फिल्म का संगीत भट्ट कैंप की पिछली फिल्मों के मुकाबले कमजोर है।",-1
कला की ऐसी दुर्दशा मैने पहले नही देखी थी..,-1
उनके संवादों में भी यह कमी है।,-1
"विक्रम भट्ट ने इस फिल्म की कमान सहायक विशाल पांड्या को सौंपी और बस यहीं वह मात खा गए। विशाल ने कहानी को आगे तो बढ़ाया , लेकिन फिल्म की रफ्तार ऐसी नहीं रख पाए कि कहानी दर्शकों को आखिर तक बांध पाए।",-1
कहानी में कुछ नयापन या खास नहीं,-1
फिल्म डायरेक्टर और टीवी शो में जज बने मोहनीश बहल ने निराश किया।,-1
"जनता तमाशबीन जरूर है, पर बुडबक नहीं",-1
"सेकंड हाफ में कहानी स्पीड पकड़ती है , तब डायरेक्टर रूमी जाफरी फिल्म पर अपनी पकड़ बनाए रखने में सफल नजर आते हैं।",-1
"इस हॉट बैचलर पार्टी में ऐसा कुछ खास नहीं कि आप इसमें शामिल हो सकें। हां , अगर आप हॉट पार्टियों के शौकीन है तो इंटरवल के बाद फिल्म आपको कुछ जमेगी। फिल्म के कई डायलॉग डबल मीनिंग है तो वहीं इंटरवल के बाद कहानी डायरेक्टर के हाथों पूरी तरह निकल जाती है।",-1
"दोनों को अलग ढंग से फिट किया जाता , तो फिल्म ज्यादा बेहतर बन पाती। डायरेक्टर साहब ने एक्स मिस श्रीलंका जैकलीन को हीरोइन बनाया और विलेन के तौर पर संजय दत्त को रिंग मास्टर के रोल में फिल्मी स्टाइल के साथ पेश किया , जो बार - बार किसी फिल्म का गाना गाता हुआ नजर आता है।",-1
निरंजन आयंगार भावों को शब्दों में नहीं उतार पाए हैं।,-1
"बस मुश्किल यही है कि बॉलिवुड में किसी भी सब्जेक्ट पर फिल्म बने , बॉक्स ऑफिस में उसकी धूम जमाने की चाह में उसमें ऐसे चालू मसाले डाले जाते हैं कि कहानी कहां से कहां पहुंच जाती है। कुछ यही हाल करोड़ों के बजट और इंडस्ट्री के दो नामी और महंगे स्टार्स अमिताभ और संजय दत्त को लेकर बनी इस फिल्म के हैं। बेहतरीन स्पेशल इफेक्ट्स और गजब की फोटोग्राफी के बावजूद कमजोर स्क्रिप्ट की वजह से यह दर्शकों की कसौटी पर खरी नहीं उतर पाती।",-1
"सेर और छटाक जैसे संवाद बोलने मात्र से फिल्म पीरियड हो जाती है तो कोस, मील, कट्ठा, बीघा शब्द भी इस्तेमाल कर लेते।",-1
"फिल्म में कहानी के नाम पर बॉलिवुड की दो सदाबहार सुपर हिट फिल्मों शोले और लगान का कचूमर निकाला गया है। अगर आप यह फिल्म देखने जा रहे हैं , तो इसमें कहानी मत तलाशिए।",-1
लगता है राम गोपाल वर्मा और उनकी फैक्ट्री के दिन ठीक नहीं चल रहे हैं.,-1
संवाद और प्रभावशाली और पीरियड-पीरियड हो जाते,-1
"स्मॉल स्क्रीन पर बतौर वीजे पहचान बना चुके गौरव कपूर पूरी फिल्म में बुझे-बुझे से लगते हैं। डाइरेक्टर ने उनसे ज्यादा फुटिज परमीत सेठी और गोविंद नामदेव को दी है , जिसे देखकर वाकई लगता है कि ' बेचारा गोविंद ' । बतौर निर्देशक वरुण न तो कलाकारों से ठीक काम करा पाए और न कहानी को ट्रैक पर रखने में कामयाब रहे। फिल्म के कई डबल मीनिंग डायलॉग सेंसर की कैंची से कैसे बचे रह गए , यह समझ से परे है। फिल्म का क्लाइमैक्स इतना बेहूदा और कमजोर हैं कि डाइरेक्टर की कला पर तरस आता है। ऐसे में अगर आप फिर भी इस गोविंद से मिलने थिअटर का रुख करते हैं , तो बेस्ट ऑफ लक...",-1
राजवीर और मेघा चटर्जी को लीड रोल में लिया। ऐक्टिंग के फील्ड में दोनों ही अनाड़ी खिलाड़ी साबित हुए। ऊपर से बिखरी स्क्रिप्ट और धीमी रफ्तार ने मूवी को कमजोर कर दिया।,-1
"मेघा का काम देखकर यही कहा जा सकता है कि अगर कैमरा फेस करने से पहले वह ऐक्टिंग की एबीसी सीख लेतीं तो अच्छा रहता। कुछ यहीं हाल हीरो राजवीर का भी है , जो किसी तरह से कैमरे के सामने टिक पाए हैं।",-1
भगवान उसकी इस प्रार्थना को सुनते हैं और दूबे ( सौरभ शुक्ला ) के रूप में उसके सपने पूरे करने आते है। बस यहीं से कहानी भटक जाती है। कमजोर स्क्रिप्ट और डाइरेक्टर की हल्की पकड़ के चलते फिल्म दर्शकों को कहीं भी बांध नहीं पाती।,-1
राहुल - वरुण के संवादों में ऐसा दम नहीं कि दर्शकों को बांध सकें।,-1
"यंग डायरेक्टर विजय लालवानी ने भले ही अपने काम को बखूबी अंजाम देने की कोशिश की , लेकिन वहीं अपने खास दोस्त फरहान को स्क्रीन पर ज्यादा से ज्यादा फुटेज देने के चक्कर में वह खुद ही भटक गए।",-1
"वहीं  अगर  इस  फिल्म  को  देखा  जाए  तो  लगता  है  जैसे  डायरेक्टर  ने  इस  सब्जेक्ट  का  मजाक  उड़ाया  है। 
 इंटरवल  के  बाद  दादा  जी  के  रोल  में  निर्माता  जवाहर  ऐसे  पर्दे  पर  छाए  कि  बाकी  किरदार  बौने  पड़ते  गए  और  यहीं  से  कहानी  ऐसी  उलझी  कि  अंत  तक  संभल  नहीं  पाई।",-1
बाद में उनके किरदार को ही उलझा दिया गया है।,-1
छोटी सी कहानी होने के बावजूद डायरेक्टर दर्शकों को एंड तक फिल्म से बांध नहीं पाते,-1
फैमिली क्लास के लिए फिल्म में कुछ नहीं।,-1
"कॉमिडी से प्रियदर्शन की पकड़ अब धीमी पड़ने लगी है। इंटरवल तक वे डेढ़ दर्जन स्टार्स को कहानी में फिट करते रहे , क्लाइमैक्स में होटल में पानी भरकर पता नहीं स्टार्स की बेवजह की भागदौड़ क्यों कराई। अर्चना पूरन सिंह से लेकर अक्षय , टीनू , असरानी , परेश रावल जैसे एक्टर्स का बेवजह चीखना चिल्लाना भी समझ से परे है।",-1
एन एक्‍स्‍ट्रीमली सैड फेनोमेनन.,-1
रण कोई नई बात नहीं कहती.,-1
"हर बार जेल से कोर्ट जाते वक्त जमानत मिलने की आस और वापसी में जमानत ना मिलने का दर्द उनके चेहरे पर नजर आता है। मुग्धा के लिए फिल्म में कुछ खास नहीं था , वहीं अपनी छोटी सी भूमिका के बावजूद मनोज वाजपेयी ने खूब वाहवाही बटोरी।",-1
फिल्म में कुछ सवाल बिना जवाब के ही रह गए हैं।,-1
अच्छा होता डायरेक्टर शूटिंग से कुछ दिन पहले फिल्म के कलाकारों और कैमरामैन के साथ वर्कशॉप करते। इंटरवल से पहले कहानी इस कदर सुस्त गति से आगे खिसकती है कि हॉल में बैठे दर्शक बोरियत महसूस करने लगते हैं।,-1
फिल्म में कुछ सवाल बिना जवाब के ही रह गए हैं।,-1
डांस से जुड़ी इस फिल्म का संगीत कमजोर है।,-1
"बॉलिवुड शायद कुछ ज्यादा ही बोल्ड हो गया है। कभी कॉलिज कैंपस में घूमने वाली फिल्मों की कहानियां अब स्कूलों में पहुंचने लगी हैं और अब दसवीं की स्टूडंट ममी और ग्यारहवीं का स्टूडंट पापा बनने लगे हैं। इक्कीसवीं सदी के इस दौर में भले ही हमारी सोसायटी इस बात को अभी गवारा न करे , लेकिन बॉलिवुड डायरेक्टर्स को इससे कुछ लेना-देना नहीं।",-1
इस फिल्म का सबसे माइनस पॉइंट यही है फिल्म की रफ्तार इतनी सुस्त है कि दर्शक उकताने लगते हैं। स्टार्ट टू फिनिश फिल्म में कोई ऐसा ट्विस्ट नहीं है जो दर्शकों को बांधने का दम रखता हो।,-1
मुद्दस्सर अजीज के सुस्त निर्देशन के अलावा कमजोर संवाद फिल्म को कहीं खड़ा नहीं कर पाते। मूवी देखकर ही लगता है कि डायरेक्टर ने कहानी को बेवजह लंबा करने के लिए लोटस जैसे फिजूल करैक्टर और तारा व मोहित की जोड़ी को जबरन ठूंसा है।,-1
"इस फिल्म में बॉलिवुड और हॉलिवुड की दो ग्रेट हस्तियां है , लेकिन यह नहीं कहा जा सकता कि डायरेक्टर ने इनसे बेहतर काम लिया। बिग बी इससे पहले भी कई बार ऐसे लुक और रोल में नजर आए तो बाकी किसी कलाकार के हिस्से में ऐसा बड़ा रोल नहीं था जो कुछ कर पाता। हां , आर माधवन ने स्टार्स की लंबी चौड़ी भीड़ के बीच अपनी मौजूदगी का एहसास कराया है। शक्ति कपूर की बेटी श्रृद्धा कपूर ने इस फिल्म के साथ करियर की शुरुआत की लेकिन फिल्म में उसके करने के लिए कुछ था ही नहीं जो वह अपनी प्रतिभा दिखा पाती।",-1
यह अवसर फिल्म शुरू होने के चंद मिनटों के अंदर ही बिखर गया।,-1
"फिल्म का हर कलाकार कैमरे के सामने अपने रटे रटाए डायलॉग बोलता नजर आता है। हीरो असीम मर्चेंट फिल्म में डॉक्टर बने हैं , लेकिन पूरी फिल्म में डॉक्टर कम नाकाम प्रेमी ज्यादा लगे हैं। असीम के चेहरे पर तो न कोई भाव आता है और न ही उनकी ऐक्टिंग में दम है। पूरी फिल्म ग्रेसी के आसपास है , लेकिन उनकी ऐक्टिंग भी ठहरी हुई और चेहरा बुझा - बुझा लगता है।",-1
"निर्देशक को लगा होगा कि दर्शकों के डर के के लिए यह इफेक्ट कारगर होगा, लेकिन सिनेमाघरों में बैठे दर्शक हंस पड़ते हैं।",-1
पिछली कई फिल्मों में स्क्रीन पर दूल्हा बन रहे फरदीन भी पूरी फिल्म में बुझे - बुझे नजर आते हैं।,-1
मीडिया के झांसे में आकर राहुल गांधी की राजनीति से प्रभावित हो जाना दुर्भाग्‍यपूर्ण है।,-1
"कुछ ऐसा ही हाल निर्माता से ऐक्टर बने कमाल खान की फिल्म देशद्रोही का भी है। महाराष्ट्र में उत्तर भारतीयों को लेकर उठे विवाद को इस फिल्म में कैश कराने की कोशिश की गई है। लेकिन कमजोर डाइरेक्टर , लचर स्क्रिप्ट के अलावा निर्माता कमाल खान का हीरो बनना इस फिल्म का सबसे कमजोर पक्ष है। फिल्म के हीरो कमाल खान के कई ऐक्शन सीन ऐसे है , जिन्हें देखकर हंसी आती है। अगर कमाल इस फिल्म में हीरो बनने का मोह त्यागकर किसी अच्छे कलाकार को लेते तो निश्चित तौर से इस मुद्दे पर यह एक असरदार फिल्म बन सकती थी। फिल्म के कुछ संवाद ऐसे है जिन पर सेंसर को साउंड डिलीट करनी चाहिए थी।",-1
' माई नेम इज खान ' में यह बात नहीं है।,-1
उदय चोपड़ा की इस फिल्म से भी कोई चमत्कार की उम्मीद नहीं है।,-1
"उन्हें लेखक,कलाकार और निर्देशक उचित साथ नहीं दे पाए हैं",-1
"फिल्म में निर्माता ने बेवजह हिंसा और ऐसे कई डबल - मीनिंग संवाद ठूंसे है , जिनकी कत्तई जरूरत नहीं थी। बोमन ईरानी और विनोद खन्ना जैसे सीनियर ऐक्टर होने के बावजूद डाइरेक्टर जोड़ी इनसे सहीं काम नहीं ले पाई। वहीं , सोहा अली खान इस बार भी एक्स्ट्रा टाइप भूमिका में है।",-1
वहीं सुहैल खान और जैकी ने निराश किया।,-1
फिल्म में बिजनेस टाइकून बने अमृत चोपड़ा (राजेश खन्ना) स्क्रीन पर खूबसूरत बीवी बीना (सारा खान) के साथ हर बार बुझे-बुझे नजर आए। फिल्म में काका की ऐक्टिंग और उनकी बेहद कमजोर डायलॉग डिलिवरी देख लगता है जैसे वह इस फिल्म को करना ही नहीं चाहते थे। हैरानी की बात है कि फिल्म के कई दृश्यों में काका के होंठ बंद होते हैं लेकिन उनकी आवाज सुनाई देती है।,-1
"फिल्म की स्क्रिप्ट में कोई नयापन नहीं है। अच्छा होता कि लीना मुंबई और छोटे शहरों के बीच तेजी से पनपते जुए के अड्डों पर कोई ऐसी फिल्म बनाती जिसमें समाज के लिए कोई संदेश होता। वैसे , कहानी के आखिर में जुए को बुरा और इंसान को बर्बाद करने वाला गेम साबित करने की कोशिश की गई है , लेकिन डायरेक्टर का यह मेसेज आम दर्शक की समझ में इसलिए नहीं आ सकता कि क्योंकि सर बेन किंग्सले और बिग बी के बीच के सभी संवाद अंग्रेजी में हैं।",-1
"इंडस्ट्री में ऐसे कम ही लोग मिलेंगे , जो अपनी पूरी हो चुकी फिल्म को सिर्फ एक स्टार की वजह से डिब्बे में बंद कर देते हैं।",-1
उनके लिए कुछ बचा ही नहीं था।,-1
"और कैसे पढे-लिखे, समझदार, देश-प्रदेश के कर्णधार इन पिटी हुई कहानियों पर लिखी कथा पर काम कर अभिनय करने को तैयार हो जाते हैं।",-1
"फिल्म के डाइरेक्टर ने कहानी में किरदार तो कई फिट किए , लेकिन उनका सही इस्तेमाल करना भूल गए। यह समझ नहीं आता कि प्रेम चोपड़ा जैसे सीनियर ऐक्टर ने ऐसी बेसिरपैर की भूमिका क्यों की।",-1
यह उन्‍होंने जिस आधार पर कहा उसी वंशवाद के विरोध का ढोल राहुल गांधी पीट रहे हैं।,-1
"अक्षय कुमार कॉमिडी के नाम पर जी भरकर शोर मचाने के अलावा कुछ नहीं कर पाए , वहीं सुनील शेट्टी किसी तरह अपना रोल निभा गए। कैटरीना भोली और मासूम लगी , लेकिन समीरा रेड्डी शोपीस बनकर रह गईं। नेहा धूपिया के हिस्से में चंद सीन आए , जिसमें उन्होंने दम दिखाया है। परेश रावल , असरानी और टीनू आनंद शोर मचाते दिखे।",-1
जावेद अख्तर और प्रीतम जैसे नामों के बावजूद फिल्म का गीत - संगीत एवरेज है। फरदीन और जेनेलिया को छोड़ दें तो कोई भी कलाकार आकर्षित नहीं करता।,-1
"बेशक यंग डायरेक्टर सुपर्ण वर्मा ने एक नए सब्जेक्ट को चुना है , लेकिन फिल्म के पात्रों मेंटकराव और बेवजह इंटरवल व सभी पात्रों की पहचान छुपाना समझ से परे है।",-1
"सिर्फ पैसे के दम पर अच्छी और दर्शकों को बांधें रखने वाली फिल्म कोई नहीं बना सकता। इसका जीता जागता उदाहरण है , 100 करोड़ से ज्यादा के बजट में बनी फिल्म ब्लू।",-1
फिल्म  के  साथ  तीन  संगीतकारों  का  नाम  जुड़ा  होने  के  बावजूद  फिल्म  में  ऐसा  कोई  गाना  नहीं  जो  म्यूजिक  लवर्स  की  जुबां  पर  चढ़ने  का  दम  रखता  हो।,-1
वहीं इस बार अपनी कहानी में इन तीनों के अलावा दर्जन भर स्टार्स को फिट करने के चलते स्क्रिप्ट कई जगह बिखरी है। इंटरवल के बाद शादी तो कभी अपहरण और फिर लाश का प्रसंग कहानी में बेवजह ठूंसा लगता है।,-1
"इंटरवल से पहले दर्शकों को डराने के लिए उन्होंने क्या कुछ नहीं किया लेकिन दर्शक डरने की बजाय हंसते नजर आए। 
कैमरामैन से डायरेक्टर बने संगीत की कैमरे पर गजब पकड़ है , इसके बावजूद फोटोग्राफी साधारण है और आधी से ज्यादा फिल्म को ना जाने क्यों ब्लू या डॉर्क में शूट किया गया है।",-1
अगर आपके पास देखने को और कोई ऑप्शन नहीं तो एकबार इस फिल्म को देख सकते हैं।,-1
लगता है फ़िर जल्दबाज़ी में घालमेल हो गया!,-1
"जैकी के लिए वाशु ने किसी जानी - मानी हीरोइन को भी नहीं लिया , शायद यह सोचकर कि कहीं बेटा पीछे न रह जाए। सत्तर - अस्सी के दशक में अमिताभ बच्चन को लीड रोल में लेकर कई सुपरहिट फिल्में बना चुके मनमोहन देसाई की पोती वैशाली देसाई ने भी इस फिल्म से करियर की शुरुआत की। वैसे , जैकी ने कैमरा फेस करने से पहले डांस और ऐक्शन जैसी तमाम ट्रेनिंग ली , वहीं वैशाली बिना किसी तैयारी के कैमरे के सामने आईं। लेकिन कहानी में नयापन न होने और कमजोर रफ्तार की वजह से फिल्म दर्शकों को एकटक स्क्रीन में देखने के लिए मजदूर नहीं कर पाई।",-1
"हीं , प्रियंका कुछ ज्यादा ही बोल्ड नजर आई हैं।",-1
अगर आपने फिल्म में तर्क या कुछ नया तलाशने की कोशिश की तो हॉल में वक्त काटना मुश्किल है।,-1
कुछ नया देखने का भ्रम थोड़ी देर तक बना रहता है।,-1
इस बार अनंत का वह अचूक दांव बेअसर हो गया.,-1
एक सेल्समैन के इर्दगिर्द घूमती इस स्क्रिप्ट में एंटरटेनमेंट और बॉक्स ऑफिस पर बिकाऊ कोई मसाला नहीं है। ऐसा लगता है स्क्रिप्ट राइटर भी फिल्म के क्लाइमेक्स को फाइनल करने में कुछ कन्फ्यूज रहा तभी आखिरी बीस मिनट की कहानी बेवजह आगे खिसकाई गई लगती है।,-1
"डायरेक्टर , शमित आखिर तक यह समझा नहीं पाए कि उनकी फिल्म का हीरो बॉस की नजरों में खुद को जीरो से हीरो बनाने की दौड़ में शामिल क्यों नहीं होता। लगता है , शमित को कंप्यूटर इंडस्ट्री का अच्छा खासा तजुर्बा है तभी तो आधी से ज्यादा फिल्म कंप्यूटर की सेल सर्विस , प्राफिट , और सरकारी कंपनियों में प्रॉडक्ट बेचने की ट्रिक समझने समझाने में बीत जाती है।",-1
वह अनंत के पिछले नायक इमरान की तरह दबंग नहीं दिखते,-1
दुर्भाग्य से उनके खाते में कम सीन थे,-1
"रजा  मुराद  ,  विद्या  सिन्हा  ,  अमिता  नागिया  जैसे  मंझे  हुए  कलाकारों  के  बावजूद  फिल्म  में  कोई  भी  प्रभावित  नहीं  कर  पाता।

 यही  वजह  है  शुक्रवार  को  इक्का  दुक्का  थिएटरों  पर  प्रदर्शित  हुई  फिल्म  देखने  पहुंचे  दर्शक  उंगलियों  पर  गिने  जा  सकते  थे।",-1
"फिल्म में अक्षय - करीना के लंबे चुंबन दृश्यों को सेंसर द्वारा यू / ए सर्टिफिकेट के साथ पास करना समझ से परे है। अमृता अरोड़ा , करीना कपूर और हॉलिवुड स्टार डेनिस रिचर्ड , सबने जमकर एक्सपोज किया है। फिल्म के डायलॉग साइलेंट कर दिए गए हैं , लेकिन इसके बावजूद फिल्म में अब भी कई डबल मीनिंग डायलॉग बचे हैं।",-1
इंटरवल से पहले इस तरह के कई दृश्य जबरन ठूंसे गए लगते है,-1
"इतने बरस बाद राजेश खन्ना की वापसी तो हुई , पर वह काफी निराशाजनक रही। समझ में यह बात नहीं आती कि अपने समय के सुपर स्टार रहे राजेश खन्ना की ऐसी कौन-सी मजबूरी थी कि उन्होंने यह फिल्म साइन की। इस फिल्म में 22 साल की खूबसूरत सारा खान ने 70 साल के काका से शानदार मुकाबला किया है। कह सकते हैं कि काका को कैमरा फेस करने से पहले कुछ तैयारी करनी चाहिए थी।",-1
दोस्तों को नायक की मौत पर कहानी का अंत एक त्रासद अंत लग सकता है,-1
"पिछले साल रिलीस हुई फिल्म 1920 की कहानी से फिल्म की कई घटनाएं काफी हद तक मिलती हैं। यहीं वजह है कि दर्शकों को कई जगह पहले से ही अगले सीन का कुछ-कुछ पता लग जाता है। फिल्म में सेक्स का तड़का लगाने में डाइरेक्टर ने कोई कसर बाकी नहीं रखी। कंगना ने अपने रीयल लाइफ लवर अध्ययन के साथ बोल्ड लव सीन दिए हैं। वहीं , अगर ऐक्टिंग पर नजर दौड़ाई जाए तो फैशन में अपनी ब्यूटी और ऐक्टिंग का जलवा बिखेर चुकी कंगना ने इस फिल्म में भी अपनी किरदार के साथ ईमानदारी की है। वह फिल्म में खूब जमी हैं। इमरान की ऐक्टिंग में भी लगातार सुधार दिखता नजर आ रहा है। वहीं , अध्ययन की बात की जाए , तो अपनी पिछली फिल्म हाल-ए-दिल में नाकाम रहने के बाद , उन्होंने इस बार एहसास कराया कि ऐक्टिंग की एबीसी उन्हें भी आती है। लेकिन इन खूबियों के बीच कमजोर स्क्रिप्ट और सुस्त निर्देशन राज 2 की रफ्तार रोकती है। वैसे , अगर आपने राज देखी है , तो प्लीज! उससे इस राज की तुलना न करें। शायद यह तुलना आपको निराश ही करेगी।",-1
अगर डेविड फिल्म की स्क्रिप्ट कुछ और कसते तो इसे एक अच्छी कॉमिडी फिल्म बनाया जा सकता था। लेकिन कमजोर निर्देशन और बिखरी स्क्रिप्ट के चलते करीब दो घंटे की यह फिल्म अंत तक दर्शकों को बांध नहीं पाती।,-1
यह लोकतंत्न के एक मजबूत स्तम्भ के दुरुपयोग का नंगा सच है,-1
इस नज़रिये से देखने पर मिथ्या का दूसरा हिस्सा एक डरावना अनुभव है.,-1
"कैमरे और लेटेस्ट तकनीक के बेहतर इस्तेमाल ने इस कहानी को सी क्लास हॉरर फिल्मों से अलग श्रेणी में लाकर रख दिया है।
वत्सल सेठ और अयूब खान इस फिल्म की सबसे कमजोर कड़ी हैं।",-1
फिल्म की स्क्रिप्ट बेहद कमजोर है। उस पर लचर डायलॉग डिलिवरी फिल्म का कमजोर पक्ष है।,-1
"वहीं  सिर्फ  एंटरटेनमेंट  के  मकसद  से  हॉल  गए  दर्शकों  की  कसौटी  पर  फिल्म  शायद  खरी  न  उतर  पाए। 
 स्क्रीन  पर  अपनी  ज्यादा  से  ज्यादा  सूरत  दिखाने  की  चाह  में  कोई  प्रड्यूसर  कहानी  का  सत्यानाश  कर  सकता  है। 
 इसके  बावजूद  अगर  दर्शक  इस  फिल्म  को  देखकर  खुद  को  सौ  फीसदी  ठगा  महसूस  करता  है",-1
अंजना सुखानी के हिस्से में ऐक्टिंग कम और सेक्सी सीन कुछ ज्यादा ही आए हैं।,-1
"इसके बाद फिल्म में वही ड्रामा शुरू होता है , जो कभी सत्तर-अस्सी के दशक में बनने वाली फिल्मों में नजर आता था। इस छोटी सी कहानी में जब भी ठहराव आने लगता है झट से पुलिस के आला अधिकारी बने जॉनी लीवर अजीबोगरीब हरकतें करते नजर आते हैं। कमजोर पटकथा , लचर अभिनय और सुस्त निर्देशन के चलते फिल्म कहीं भी दर्शकों को बांध नहीं पाती।",-1
"फिल्म के डाइरेक्टर भी शोले से कुछ ज्यादा ही प्रभावित हैं , तभी तो उन्होंने अपनी फिल्म में इन दोनों को महंगी कारों पर हाथ साफ करने वाले चोर के रूप में दिखाया। पर इंटरवल से थोड़ी देर पहले दर्शकों के बीच साफ होता है कि जय पुलिस इंस्पेक्टर है।",-1
फिल्म का गीत-संगीत कमजोर है।,-1
अच्छा रहता अगर डाइरेक्टर निर्माता के प्रति जरूरत से ज्यादा वफादारी दिखाने की बजाएं फिल्म के बाकी कैरक्टर्स को डेवलेप करते ।,-1
"फिल्म की कहानी में खास नयापन नहीं है। खासकर , पहला हाफ काफी ढीला है",-1
अफसोस फिल्म में सलमान और अजय देवगन के बीच में वह खोकर रह गईं।,-1
"इंटरवल के बाद जब पात्रों के खुद को पहचानने की बारी आती है , तो कहानी भटकने लगती है। सिर्फ दो घंटे से कम अवधि की फिल्म में भी दर्शक खुद को अंत तक बांध नहीं पाता।",-1
डीनो फिल्म में विलेन बनकर रह गए,-1
इंटरवल के बाद फिल्म उलझ जाती है।,-1
"अगर डायरेक्टर बार - बार हीरो राम द्वारा घर की छत पर चढ़ संस्कृत में श्लोक बोलने की बजाएं मां - बेटे के रिश्तों पर ध्यान केंद्रित करते तो बेहतर रहता। वहीं , जब निर्माता का सगा भाई फिल्म का हीरो है तो उसे ज्यादा फुटेज देने के लिए कई दूसरे पात्रों को उभरने न देना फिल्म का कमजोर पक्ष है।",-1
मैं गलियों से निकलता हूं फिर भी फंस जाता हूं।,-1
क्लाइमेक्स भी बेवजह खींचा गया महसूस होता है।,-1
"हम इस धारणा के प्रभाव को महसूस करते हैं, लेकिन उत्तेजित और प्रेरित नहीं होते",-1
