comment_text,Sentiment_Score
nice meet another web historian,1.471571429
admire work,0.971257143
heh thanks thats nice hear ,1.8248
recently upgraded  think blisteringly fast,0.2
yes though currently bit frustrated hudson server provided us,-0.788835714
people mindless drone,-0.9558
ambitous people,0
np happens time ,0.705
welcome capitalism,1.4176
thats difficult,-1.4099
need handful people,-0.083333333
good systems meaning sustainable systems made user mind,2.44457551
things cost money,-0.020833333
system general enough solve problems,-0.598433333
operatng system java,0.041666667
like secrets,0.7224
lack privacy offers large amount power people outside control,-0.222227367
people bastards,-1.766466667
believe privacy contributes evil makes us seek privacy,-0.673481633
actually believe real issues,0.250252525
yeah good luck,2.289228571
shortterm goal pollutes clear thinking ambition,0.51775362
looking good,1.531395238
definitely true faslse data people,1.851416667
TRUE,1.103416667
wrong context true data exist,-0.428705556
learn rhiaro sure,0.6364
language look like,0.6599
understand,0
thats cool area explore,0.6364
,0
oh god damnit sorry,-0.73235
silly admins frustrating principle,-0.593
itll work passive mode,0.547457143
pass firewalls,0
misunderstood meant ,-0.68
feedbackcontributions welcome,0.9176
haha thanks dude,1.4192
familiar nodejs,0.28125
im trying activate c support swig cant,0.806577778
cant reach moment,0.128466667
thanks im trying,0.908577778
nice data,1.418
agree hurt mention,-0.735933333
disagree hurt mention,-1.720133333
better,1.2864
unfortunately graphdb support,-0.7206
welcome,1.2301
interesting working draft ,1.155651852
sounds good,1.493895238
oops sorry,-0.1544
think wed need people first,0
problem happens time ,-1.070466667
jsonld playground gives warning,-0.705568182
nothing found lov,0.006578947
sounds interesting ,1.137133333
ppl suck,-0.952228571
happy,1.7063
greeat work,0.017857143
ok ur time,1.092
biggest frustration fragmentation software,-1.003079487
resembles timbls frustration made create web,-0.608843537
lacking ideas,0.1
could make best renewable energy,2.379802296
thatd answer ,0
 bad idea,-1.752457143
sedih,0
ss bad infinite number designs web,-1.662312987
updated footnoteannotation stuff,-0.071428571
updated footnoteannotation stuff,-0.071428571
might prefer handheld,0.3125
happpy runs mm lx cars foot cats cactuses,-0.036966463
like movie,0.7224
way tell swig rename function things like swig something like ,1.245633333
must say fuck,-1.073236364
great success,2.267366667
ugly,-1.0212
itll work itll pretty powerful,1.579657143
got many problem,-1.08505
good rule produce,1.525145238
match negatives,-0.0625
would helpful,0.843
think could work,0.018518519
urgh maven ,0.125
cream ,0.083333333
feel quite ,0.125
poorly authored people time understand,-0.625
sounds good worldwide standardization,1.785561905
good see someone taking big stick companies,1.571199878
nothing,0
dslke,0
since last year beh tahan guy attitude already,0.027777778
well planning use redland,1.000663736
facilities redland reasoning,0.091666667
great ,1.541466667
stupid people,-1.470066667
best represent businesses multiple locations,1.672279167
loved book,1.79255
good research,1.493895238
good enough,1.618895238
dun wan see,0.041666667
thats excellent,1.1438
much better holland,1.501335714
better fit,1.846185714
function room,0.09375
looked ,0.0375
pass tuesday need time,0.041666667
need opening hours good rule language,1.481876007
unless theres good date handling ion query language,1.311603571
defining easter ,0.0875
great,1.541466667
loving  quite excelent,1.79255
books wonderful,1.8938
hes done good stuff,1.393620513
cant remember,0.109375
wow nice great job,2.557312821
yes ,1.0538
magazines tend go,0.179166667
hes done good stuff,1.393620513
yeah please use creativity ya thank,1.823571429
like guy writes wired,0.7224
need time postpone meeting pm sorry inconvenience,-1.810466667
taste way horrible,-1.520611905
misspelled dieter p,-0.375
liked sauna lot,1.171571429
nani,0
well planning use redland,1.000663736
none,0
nothing,0
gotcha,0
however patches always welcome,0.864822222
suppose changed pass now ,-0.005357143
worked ,0.018518519
im angel respect f authority,1.513221429
gnite,0
good morning,1.493895238
good afternoon,1.493895238
anyone use rdflib python programming,0.095238095
help,0.8663
exactly need,0.166666667
welcome,1.2301
imagining simple,-0.0625
well seems got files better order ,2.183175641
think value and limits of hierarchical browsing pretty well known,2.097647086
would model filesystem rdf,0
recommended person,0.6546
sadly projects discussed openly,-1.301333333
excellent,1.1438
failed subject,-1.305290909
got cgpa ,0.010416667
pass subject,0
fail,-1.0846
resit,0
repeat,0
pretty fun liked sauna lot,1.876121429
excellent location wif breakfast hamper,2.1438
cant eat liao,0
prefer free days,1.092033333
oh god damnit,-0.60515
bored lecturer repeating last weeks stuff waste time,-1.140665079
lar,0
sory,0
eating wif frens,0.041666667
break time,0.125
havent still waitin usual,-0.125
got help sheet wif,0.814216667
diu,0
chee bai,0
ka chan,0
pokai,0
cb,0
chou,-0.083333333
lan jiao,0
nia sing,0
dunno,0
dun know,0.102272727
beauty sleep help ur pimples,1.744966667
,0
lazy type,-0.7224
forgot lect,0
saw pouch like nice,1.9122
wan go there,0.0125
uniform,0
nothin comes mind,0.172619048
ur laptop heavy,0
funny,0.8808
funny,0.8808
yup comin ,0
bojio,0
jokin lar,0
ok,0.592
call  wat,0.009615385
happy birthday,1.7063
ok thanx,0.967
ok thanx,0.967
hungry,0
send contents page,0
send contents page,0
oh ok prob,0.967
huh early,0.166666667
gd luck exams ,1.000933333
sorry sent blank msg,-0.93565
reached already,0.302622222
like fr china noisy,0.5296
best  ur driving tmr ,1.8988
never thought would difficult find library basic set functions like parsing single nquad,0.104464698
really like nodejs ,1.2152
weird way software ive tried,-0.442605556
sorry budget,-0.1544
suggestion welcome,1.209266667
cannot import,0
looks like simple typeo easy fix,1.225352381
weird valid hypothesis,-0.4183
contribute sw,0
high contribute,0.107142857
receive leh,0
,0
dunno,0
need ,-0.0625
graduate already,0.125
havent graduate,0
cannot graduate,-0.083333333
back ,0
waiting graduation,-0.09375
punish keep push,-1.056809091
hahahahaha,0
miss,-0.3062
love much,1.4488
feeling suicide,-1.205569231
forced eat slice,-0.875933333
depression,-1.2938
jin tian hen kai xin,0.15625
hen shang xin,0.15625
kai xin,0
kai xin,0
shang xin,0
emo already,0.125
emo sick,-1.0212
course study,0.0375
tmr got anything ,0.010416667
today go service,0.075
coming,0.029761905
coming,0.029761905
yupis surprise,0.463066667
new car house parents,0.022727273
new job hand,0.967944855
change another job,-0.021153846
make happy,1.752218367
love service,1.502966667
bloody hell cant believe forgot surname,-2.076866667
workship god,0.57765
enjoy service,0.9878
love service,1.502966667
believe best,1.9988
gentleman treat dignity respect,2.81972381
haha awesome,1.5928
finally completed course,0.125
low mark,-0.950566667
high mark,0.09047619
hope great break,1.914533333
sorry battery died,-1.785650649
feeling unsafe,-0.266435897
need someone talk,-0.1125
sounds better,1.2864
ok goodnight,0.967
special bonus,1.729128571
promotion,0
great never better,1.338602381
day gives even reasons thank god,1.389231818
great princess,1.541466667
love giving receiving oral,1.851386946
enjoy making love,2.264868367
tell dealers getting impatient,-0.606583333
good evening,1.493895238
taking half day leave bec well,0.885435165
happy new year,1.729027273
happy holiday,2.0637
merry christmas,1.0846
gush good job registering aim gateway peers,1.685241392
good job,1.397741392
enjoying new year,1.501127273
sad,-0.9534
break,0
need separate,-0.3125
hope see next week,0.922466667
well nice stuff,2.103063736
nice stuff,1.346571429
people nice,1.418
great,1.541466667
second runner,-0.025
oic see,0.041666667
worst service,-1.883133333
,0
lot assignment,-0.071428571
many assignment,0
still assignmrny,-0.25
sounds useful work,0.898657143
yes good point,2.017964469
accept point,0.806869231
do,-0.028846154
got lecture,-0.072916667
grand prize,1.7985
becareful robber,-1.6148
do,-0.028846154
got,0.010416667
got school,0.010416667
agree point,0.765669231
offer resume,0
leave job,-0.199353846
devil working,-1.473281481
good idea,1.468895238
really bad experiences,-1.437657143
agree,0.7224
would like transform xml,1.1224
disconnected chat,-0.125
think interesting pellet aterm,1.313415385
really interesting,1.6652
good example,1.514728571
interesting,1.137133333
another project similar,0.1
sometimes frustrated inability,-2.0788
always frustrated inability,-1.6663
nice pictures,1.3805
cool job title,0.636079487
coordinate ,0
tim might become jealous,-0.94885
good point,1.537164469
sounds fine,0.696266667
great way learn,1.551883333
youre done probably know heart ,1.447226573
found useful,0.887378947
still reads ugly,-1.259836364
better way,1.296816667
would glad hear it,0.9176
likely cant make ,-0.041581633
im going look ,-0.05
ill try tonight,-1.390222222
guess not ,-0.125
really work,0.393518519
clut member  extrememist,0
rightclick,0
leftclick,0
looks simple enough,0.126785714
ww add ur part ady,0.041666667
ive looked around good references failed,0.198604329
ive looked around good references,1.568895238
ive looked around good references,1.568895238
well drive google,0.947092308
bajet terbaik bajet hensem,0
semangat patriotik yang terbarasyabas,0
research section ,0.008928571
cheap dirty,-1.2558
depression anxiety,-1.8444
make sense,0.4
berbangga kerana saorang pemimpin terbaik  semuga ahli umno rakyat sokongan yang berbelah  insyaalah bn menang ,0.125
match pretty good ,2.066895238
bad idea,-1.752457143
good idea,1.468895238
yes simplify topological sort,0.77255
dynamic,0.805266667
best best,2.6928125
thanks advice,0.8808
hooray,0.8962
horay,0
mean happy,1.7063
satisfied,1.0305
good point,1.537164469
well happy effectivly process,2.301292308
dont wait minutes hours,0
well good point,2.281856777
,0
nice talking,1.418
sure ,0.6364
rest thanks critic advise appreciate,1.102457143
know tough,-0.089333333
family gift god given,1.386731818
thats good ,1.493895238
misunderstood ,-0.68
idea mean still ,-0.275
wow nice,1.405
yet heard enough,-0.104166667
date,-0.015625
like track,0.699672727
believe dls good basis reasoning,1.718895238
service unavailable,-0.125
need new abbreviation,-0.060606061
well good news,2.338587546
better creating xml entity,1.7179
sounds interesting,1.137133333
pls spread misinformation,-0.75
doubtful ,-0.68
week abit busy,0
log somewhere web ,0
 might,0
please ,0.6364
nice meet ,1.418
violent languages,-1.1988
another dead technology idea,-1.631023529
quite scary,-1.8326
scary,-1.7378
would great,1.541466667
problem thanks,-0.188466667
sorry,-0.1544
pets pretty code,0.83155
programmer error,-0.964514286
interesting idea,1.1538
good,1.493895238
bravo,0.125
update people email,0
eh thats great photo,1.541466667
nice,1.418
id enjoy,0.9878
comments closed ,-0.026960784
pics seems good,1.618895238
keeps notes cool,0.733622222
well reserved,0.978342308
nice mapped onto owl,1.418
excellent itll definitely go,2.7637
would good n,0.8808
right,0.078125
done,-0.028846154
cool,0.4489
need tag issue myyahoocom,-0.0625
answers right question,0.303571429
good question,1.493895238
id busy almost time,0.125
useless,-0.843
need schedule chat scheduling next chat,-0.229166667
helpful hints,1.143
well hold meeting,0.974870085
good job,1.397741392
nominated you think,0.228365385
movie suck pece shit,-1.744966667
beh song sht cibai,0
welcome,1.2301
good idea too,1.468895238
hate guy song ts attidude,-1.3938
idea means,-0.025
think,0
bothered parsers,-0.907233333
hope see interesting results,1.819933333
cant imagine way express,0.010416667
im great believer,1.541466667
worst case introduce blank node,-1.870633333
agree would nice rdf,1.2972
hard understand,-0.3929
simple data model,0.194444444
rdf really easy,1.464566667
pretty simple data structure,0.827085714
data structures ,0
nub,0.083333333
nope going like business,-0.496833333
friends,1.0284
 ,0
nice viewer built osx people,1.543
simple use,0.178571429
 make perfect sense,1.964718367
best thing,1.877966667
surprised thanks coming appreciate,1.420561905
dont wait tomorrow tomorrow tomorrow tomorrow always tomorrow suddenly find late,-0.365401786
made lose,-0.757881633
rejected quickly,-1.164057143
little worried formats fractured,-1.554958333
nice pharse invente anything,1.418
complicated,-0.125
relax dc,0.8808
always amazing,0.9593
effectively obsolete anything already,0.7933
late,-0.03125
sorry still see avoided using rdfparsetype,-0.9288
believe parsers,0
like,0.7224
well defined meaning,1.097092308
friendly people,1.1753
yes believe,1.1538
best say,2.0238
ok im confused ,0.0234
often confused,-0.778066667
recommend read first,0.733763636
hard tell,-0.4304
difficult accomdate,-1.4099
plus connectives,0
berasa comment yang bagus commentcomment yang status anda yang mulutnya berbuih membaca comment ini,0.291666667
many advantages,0.930733333
thats clearly false,0.4288
good ,1.493895238
well thats social flaw ,0.801258974
worst thing scholll,-1.903966667
feel encourage ,1.1462
funny part,0.6933
unfunny part,-0.25
great,1.541466667
schrimp sandwich great,1.541466667
friendly,0.9878
nice expensive,1.343
nice ugly,0.319
beautiful expensive,2.3863
big fan,0.774220513
yep did nice,1.770953846
shocked,-0.743542857
would great,1.541466667
dun think,0
underpaid,0
essentially exactly xmlid would,0.666666667
keputusan sebb kena mintak kelulusan bos saya,0
sebb bos saya kane tunggu kelulusan bos,0
maybe ,0
weywen tomorrow pm got guitar class right,0.119791667
guess happen,-0.225
time sleep,0.125
see tommorow,0.041666667
good physical health,1.788538095
suffering sick,-1.842109091
friendly,0.9878
friendly,0.9878
good health,1.806395238
mood,0
keeping prayer you,-0.003409091
best,1.8988
stress,-0.868
great fun fellowship,1.885616667
dun ask,0
encourage,1.0212
birthday celebration,0.041666667
fuck hahaa,-1.0846
sort amusing,1.48235
really crappy movie,-1.5718
tired sometimes talking,-0.78705
high chance get cancer,-0.846257143
im familiar,0.28125
guy alwways ffk lan,0
super simple file,1.490466667
machine crapped,0
get stuck,-0.489583333
standard rules,0.052083333
efficient representation best times though,2.5937
nie malas mengomen post ini pelihat pemerhati postpost mengomen status anda,-0.020833333
inconsistent since theyre disjoint,0
yes see,1.095466667
good summary,1.493895238
good work,1.511752381
sorry interrupt,-0.8038
worry,-0.6933
worry,-0.6933
build confidence,1.1712
negative comments,-1.727133333
im  close,0.1875
fair enough ,0.8614
better ask,1.2864
stalled ,-0.4046
fun,0.98995
thanks timbl learned new things,0.945193939
every member,0
ambitious would happier,1.5158
glorify,1.1438
ok ,0.592
think would interesting example atom ,1.157966667
tried nopaste tool sorry,0.31435
understand point,0.043269231
reasonably simple well known,1.138650749
well anyway thanks feedback,1.625492308
world interested,1.0538
ok thanks,1.6248
extremely low elevation,-0.8143
better get persuading ,1.296816667
think misunderstand purpose,-0.764066667
believe,0.1
get open office calc import text file,-0.088392857
whats good algorithm generating,1.493895238
good algorithm,1.493895238
svm best algorithm,1.8988
love cooking happy,2.82825
good program,1.493895238
 hopeless,-0.9176
test correctness relaxng schema,0.604166667
looks like need understand,0.6974
thats really good question,1.973495238
good idea,1.468895238
need make content providers actually understand rd,0.270918367
now say no ,-0.598493506
good,1.493895238
good morning ,1.493895238
well ,0.947092308
hehe,0
im surprised work,0.51212381
charging part didnt work,0.027857143
really make day,0.470918367
well us use,1.030425641
problem lots people,-1.166895238
sorry ,-0.1544
get many people that amazing already,1.119716667
looks like sounds interesting,1.544633333
negative test case ,-1.6313
oh see point thanks,0.922466667
hehhe good luck,2.115628571
amazing thing is firefox offers strongly recommended,2.407182051
dont like anything gui,-0.551
dont like guy,-0.551
guy sexual harrasment,0.208333333
lunch time,0.125
hope ,0.922466667
people onlineaccounts,0
query returned results,-0.1015625
responding,0.125
looking someone,0.0375
distracted foil run,-0.6175
nice shirt though,1.418
yet finished quite,-0.104166667
im working putting feedback writing introduction,0.068121693
advantage method web caches could reduce load central server,1.043154762
great improvement,2.134466667
got improvement,1.178016667
improvement,1.1676
amused,1.593
omg,0
could try likely fail,-1.119322222
im denying,-0.858571429
im denying,-0.858571429
bn tried offend like hell,-1.967338889
anyway ,0
well much specific question,1.122092308
yep thanks ,1.2498
hope helps ,1.413916667
get good paper get many readers web,1.514728571
get good paper get many readers web,1.514728571
hopefully soon,0.9288
congrats new job,0.979973427
added comment,-0.041666667
yes well exactly,1.739158974
well precludes need version umbers,0.863758974
mostly less annoying,-0.683
interesting people proposed,1.137133333
actively happy,2.4993
really dislikes,-0.8527
mustve fun,0.98995
encourage people define way,1.181616667
distracting,-0.6545
well anything goes full anyway,0.990842308
suspect problematic,-1.7498
would useful,0.8808
makes sense,0.195918367
doesn’t make sence,0.045918367
idea wanted use,-0.046428571
think theres chance using assign,0.708333333
strange,-0.4046
prefix  might good,0.8808
make emo,0.045918367
betray,-1.2738
mess,-0.826566667
thanks info thinking would that,1.015415385
temporal aspects excellent,2.0438
becomes meaningful,0.7614
itd less ambigious,0
great ,1.541466667
prefer web guis,0.053571429
hm interesting question,1.137133333
great thanks masaka ,1.872866667
looks good  framework,1.493895238
cool extension,0.782233333
yes agreed time ago ,1.778942857
persuaded ,0
great ,1.541466667
np good luck,2.311228571
well large group project class,1.219413736
verrry amazin,0
yellow pages usually capture business data,-0.229166667
id tell look titan,0.010416667
im bit confused though,-0.959127273
probably need get familiar rdf data model,0.361111111
sorry budget,-0.1544
sorry time,-0.4669
would good write interesting observations plumbing im using audience though,2.608028571
interesting may well,1.1718
thats great im interested getting work someone takes,2.135469048
im publishing events using events ontology,0.333333333
suggestion welcome,1.209266667
mentionned official tutorial,0.05
thanks advance tips ideas,0.995383333
best,1.8988
blacklisted vpn ip,0
thats good,1.493895238
no realistic one ,-0.675333333
belive kind weird everybody free belive weant end,1.020133333
weird valid hypothesis,-0.4183
oh way food fridge,-0.03125
fuck babe miss sooooo much ,-1.333133333
sounds like many talents,1.4035
make happy,1.752218367
bad days give experience,-1.671775325
good boyfriend,1.493895238
good girlfriend,1.493895238
perfect boyfriend,1.7688
perfec girlfriend,0
essential life gods blessings,1.358707143
going,0.0125
sb,0
awww sweet,0.9176
many people complaint,-0.592
enough money purchase,0.15625
feel shirt beautiful,1.3238
broken jor,-1.126476923
syndrome,-0.0625
commit sucide,0.592
,0
gd luck,0.9801
thk mum lazy go,-0.418233333
prefer free days,1.092033333
beh tahan,0
behtahan,0
cannot tahan,0
jokin lar ,0
get well soon,0.832508974
better quickly go bathe settle,1.2989
oh ok prob,0.967
quite nice,1.5258
okie,0
really bored msg,-0.2393
thinking,0.134615385
tdy cannot call k,-0.017857143
got rush lab report,0.010416667
eh angry wif already,-1.229533333
lousy pig easily,-1.067233333
dun fall asleep,-0.052083333
yup interested,1.0538
even brother like speak,0.7224
treat like aids patent,1.61755
great hope like well endowed,2.453525641
never realized embarassed accomodations,-0.291666667
thought liked it,1.14925
best,1.8988
always seemed happy,1.8063
sorry room embarassing,-0.49815
sorry roommates took forever,-0.145471429
thats cool,0.6364
like peoples much,0.8974
like peoples much shy,0.431
thanks making birthday truly memorable,1.821518367
thanks lot wishes birthday,1.200671429
envy everyone sees real life,-0.410487302
jealous everyone sees real life,-0.948353968
im excited day spend,0.7925
im love,1.86755
bloody hell cant believe forgot surname,-2.076866667
kkgoodstudy well,0.947092308
god bless,1.23005
go hell,-1.765766667
im touched,-0.008333333
awesome ill see bit,1.155339394
merry christmas babe love kisses,2.060616667
kissed,0.7636
good sign,1.527986147
ever angry,-1.354533333
oh ok prob,0.967
sure worry,-0.089477778
hey leave it big deal,-0.033831868
,0
spoil dun get close anymore,0.15625
sharing happy news,2.2033
glorify lord,1.1438
open people ive ever,-0.148809524
put pictures ass facebook,-1.1221
fancy drink,-0.158333333
interested buying something,1.0538
hahahause brain dear,0.9761
brainless,0
trying weekend,0.027777778
still havent got urself jacket ah,-0.289583333
know best get babe,2.001072727
love babe,1.502966667
bitch,-1.3593
soany suggestions,-0.020833333
total disappointment texted craziest shit got ,-2.31895
no dont hear anything,-0.592
went project centre,0.040277778
gods love limit,1.8363
please you,0.6364
gods power boundaries,0.017361111
endless blessings always ur life,1.221207143
make happy person love,2.509585034
great role model,1.610911111
big chic common declare,1.066887179
fuck ass hole,-1.673213889
dick small,-1.3337
love angela,1.502966667
tell bad feel basically times text lately need drugs,-1.060790476
wish happiness soon company share moments,2.114366667
indians nice,1.418
feeling like moodless,0.936830769
feel like shit,-0.650566667
feel like sick,-0.2796
thats great,1.541466667
god bless,1.23005
wish rejoice soul,1.3616
sorry ill call later,-0.943784615
guy bitching,-0.5464
haiz today cant well midterm,0.051792308
chill bro,-0.15625
r happy,1.7063
need show happy,1.67505
suffering depression feeling like mask meet,-1.674728322
finish,0.069444444
btw recommend using diploma qualifications,0.805733333
hi looking promoter job,-0.058653846
sorry going,-0.1419
dun like,0.7224
dun like,0.7224
dun like anymore,0.7224
dun like forever,0.7224
love forever,1.502966667
disagreement,-0.7224
lets pray,0.6364
unhappy,-1.5305
mum cancer,-1.3444
mum healed,0.541666667
speedy recovery,-0.166666667
promise tell anyone,0.5739
well lets make something simple represent work,0.975153532
problem create another cv way,-0.58745
wont fuck anymore,0.862
wtf,-1.1718
think good,1.628510623
 feel satisfied,1.301333333
mom yelling,0.375
fell pouting,-0.142857143
life piece shit,-1.316494139
shut mouth mother fucker,-1.3597
perferct,0
pretty good,1.941895238
love work,1.52082381
good day,1.543895238
awesome,1.2498
unfriend already,0.125
blocked facebook,-0.6167125
unblock,0
wow amazing,1.3325
wow wonderfull,1.0468
hopefully dead soon,-0.947423529
canteen service suck,-0.8808
thanx helping,0.62325
forgive,0.5464
life suck,-0.862942857
dun wan group,0
kill,-1.3816
guy cool,0.4489
wen ur lovable bcums angry wid,0.647466667
coz angry childish true way showing deep affection,0.439133333
anything tell,0
evil cast,-1.736066667
demon processed,0.004333333
useless,-0.843
mother fucker,-1.3597
diu nia sing bai,0.025
diu many work,0.017857143
pokai havent,0
fck,0
fk,0
womdarfull person,0
see mad,-0.946133333
really good friends im afraid ,2.089095238
dont go watch x lunch,0.0125
good envionment,1.493895238
perfect environment,1.7688
fastest services never seen,-0.270833333
hi dahow todays class,0.09375
cool text,0.4489
dun wor,0
bullshit,-1.5468
frustrating hear bull shit,-1.852921212
cool cool chikku chikku,1.073133333
wan catch pokemon later,-0.445833333
fell stress subject,-0.885857143
feel stress assignment,-0.743
feels bad,-1.602457143
fells suck,-0.952228571
tt,0
,0
stupid,-1.470066667
fuk,0
cibai,0
fuker,0
lc,0
fucking lansi,0.25
got problem,-1.08505
problem cannot solve,-1.310266667
solve problem,-0.744266667
hard solve,0.0179
depressions,-1.1378
disappointment,-1.3962
displeasure,-0.5
dissatisfactions,-1.2558
failure,-1.235485714
gloom,-1.323133333
hurt,-1.5034
injury,-1.118
melancholy,-1.422466667
misery,-1.5188
pain,-1.5462
sadness,-1.6308
sorrow,-1.5534
trouble,-1.032966667
unhappiness,-1.7409
anger,-1.560466667
fury,-1.30005
frustrated,-1.1159
fck,0
fuck,-1.0846
brokenheart,0
facewithmedicalmask,0
pileofpoo,0
cryingface,0
facewithcoldsweat,0
loudlycryingface,0
cryingcatface,0
facewithopenmouthcoldsweat,0
fearfulface,0
facewithsteamfromnose,0
poutingface,0
depress,-0.9878
stress,-0.868
unsatisfied,-1.4913
unsatisfy,0
unsatisfy,0
social disorder,-1.032966667
clicnical depression,-1.2938
fuck bitch,-1.8023
let know need help talk people,0.822739394
god testing faith,1.319335714
left pray,0.609614286
whole day  got little bit tired,-0.694085606
serious condition,-0.159608333
worst condition,-1.805008333
r welcome,1.2301
healed,0.25
arrived home,0.027777778
reach home,0.204377778
pray,0.6364
lets pray penang citizens,0.6364
taking,0.008928571
heart brokens brokenheart,1.3738
overcome difficult,-1.4099
cannot overcome difficult,0.01975
lunch outside,0
lunch home,0.027777778
dinner outside,0
yupis surprise,0.463066667
curse,-1.6096
curse faster,-1.6096
curse kaokao,-1.6096
fuck kaokako,-1.0846
lanjiao,0
lancaw,0
go yum cha,0.0125
free yum cha,0.729533333
later yumcha,0
depresssion medicine fucking expensive,0.8125
,0
oh okay,0.4526
oh okie,0
sorry wan early sleep,-0.571066667
tmr got anything ,0.010416667
thing talk,-0.070833333
nonsence guy,0
nonsence lecturer,0
great see,1.541466667
today sleep late already,0.089285714
heart become piece brokenheart,1.40505
sick facewithmedicalmask,-1.342628571
pieces shit pileofpoo,-1.230184615
heart broken cryingface,0.633688136
fucking regret facewithcoldsweat,-0.7008
fucking sad loudlycryingface,-1.4262
facewithopenmouthcoldsweat,0
feel scare fearfulface,-0.9878
facewithsteamfromnose,0
poutingface,0
sometimes assgiment feel depress,-0.8628
emo,0
emo alread,0
always emo fails,-0.868
sure ,0.6364
dun scare,-1.1128
see,0.041666667
coming,0.029761905
coming,0.029761905
later gathering friends,1.0284
later watch cinema,0
god bless,1.23005
pray,0.6364
go catch ,0.025
gam,0
feel gam korean drama,0.4375
may disappear church period time,-0.497242857
lili serious depression,-1.458133333
diu lou mou chou,-0.083333333
diu nia sing,0
fuking shit,-1.892366667
drama feel gamdong,0.4375
pileofpoopileofpoopileofpoopileofpoopileofpoo,0
teammate piece shit,-1.334351282
girl pretty,1.0128
hometown beautiful,1.8863
depress,-0.9878
stress,-0.868
unsatisfied,-1.4913
unsatisfy,0
social disorder,-1.032966667
lost love  heart broken,1.691277273
lost love  heart broke piece,1.760580793
fuck life ,-1.066742857
life full depress shit,-1.736659524
diu  tutor,0
dun get messs,-0.104166667
blueheart,0
clappinghands,0
facewithstuckouttongueclosedeyes,0
facewithstuckouttonguewinkingeye,0
kissingfacewithsmilingeyes,0
kissingface,0
smilingfacewithhearteyes,0
facesavouringdeliciousfood,0
smilingfacewithopenmouthsmilingeyes,0
smilingfacewithopenmouthcoldsweat,0
facewithtearsofjoy,0
nice movie scence,1.418
great personn,1.541466667
awesome skills,2.1873
stole heart,1.3738
awesome works,2.017657143
refresh,0
reparation,-0.25
reward,1.2688
satiety,-0.625
comfort,0.454542857
safe,1.0683
blessing form indonesia,0.9487375
gambateh,0
feeling like satisfication,0.936830769
love since form ,1.526404167
love korea,1.86755
work like shit,-0.757709524
grammar sucks,-0.7224
thesis topic,0
need,-0.0625
sons worriedface,0
angryface,0
may disappear company period time,-0.497242857
personal problem,-0.995466667
personal issue,0.111363636
guy problematic,-1.1308
tap info,0.015625
need help,0.8038
arbudan  need help,0.782966667
pla dota,0
im ask happened need help u let know,0.795656061
feel nothing,0.125
sad,-0.9534
sad,-0.9534
kd emo  approach,0.055555556
hard get pokeball,-0.3929
driving skill good get poke stop time,1.304122511
tomorrow joshua hall,-0.0625
tmr free,0.729533333
help pls,0.9801
later saturday together catch,0.021551724
doktor based case say syndrome,-0.038636364
sister syndrome,-0.0625
haha,0.9176
lolz  funny,1.53
lolz  funny,1.53
well,0.947092308
keep prayer,-0.003409091
pray nation,0.6364
btw long go once,0.0125
month meet doctor,0
almost  month follow,0
oh ok,0.592
hope goes well tomorrow,1.617158974
pkhkc,0
hope goes well today,1.742158974
hope goes well next monday,1.637992308
quite sad cant accept truth,-1.9318
feel hopeless world,-1.2301
quite sad wanna cry,-2.226
would like,1.1224
tt,0
house kena flood,-0.041666667
lung cancer,-1.3444
got skin cancer,-1.333983333
got bone cancer,-1.37565
cancer cannot heal,-1.5944
feelng world fucking suck wanna,-0.7354
lecturer fucking idiot,-0.9876
fcking shit,-1.343966667
disease cannot heal,-0.125
doktor dianogse blood cancer,-1.3444
give times clam,0.125
clam please,0.6364
understand,0
understand,0
ok raymond,0.967
okie johnson,0
,0
feeling sad,-0.744369231
may hard may think problem,-1.110451282
busy,0
today feeling well,1.185125641
accept another then christ accepted you order bring praise god,2.202098485
received praise ppl,1.701338462
welcome back ready,1.441
great hear,1.541466667
wow best,2.1804
quite scare many friendsbrothersister know asperger,-0.980327273
scare cannot accepted true,-1.448692424
welcome back ready,1.441
good boy,1.525145238
know hard dun lose hope,-0.374033333
know fcking hard,-0.290627273
good communicator hard,1.147995238
hard,-0.3929
feeling stress communicate,-0.642169231
depression feeling like mask meet,-0.517819231
wearing mask hard thing,-0.4554
wearing mask hard thing,-0.4554
think going better,1.2989
keep update k,-0.028409091
already,0.125
sometimes feel ignorance youth,-0.161502564
strong feeling forsaken youth,0.8718
fcking hate,-1.3938
welcome back good condition,2.110420238
need show yr happy,1.67505
okokokok,0
okok,0
sleep tha two hours feel tired,-0.924069231
understand frustration,-1.161733333
biggest sad thing,-1.503079487
great know,1.643739394
suffering depression,-2.047509091
tought,0
got serve phileo,0.010416667
ifine,0
make happy interact,1.752218367
keep,-0.028409091
r welcome,1.2301
thank much,0.7224
cute,0.9176
cool,0.4489
funny,0.8808
feel like happy,2.1577
wud like invite early sat,0.911733333
tq raymond part phileo family,0
pray would get bless,1.260216667
nxt time detail pls send thx,1.02425
wrong info,-1.550622222
wrong idetails pls,-1.440222222
blessed birthday,1.1363
happy birthday,1.7063
fail pray worry,-1.0623
best friend,2.3252
good morning,1.493895238
lina loves,1.372966667
happy polla,1.7063
beautiful handsome,2.2803
picture creative,1.0308
china model attactive,0.194444444
phone awesome,1.2498
oh oh wasted,-1.0003
wasted gta,-1.0003
curse lee ka chan,-1.6096
dear wong keep clam,0.797690909
hey whats plan sat,-0.0375
think quit mobile,0.134615385
tm net suck,-0.8808
sedih,0
berasa gembira,0
letih,0
quite sedih,0
susan bad oredi,-1.727457143
bad guy,-1.727457143
goin liao,0
wah queue damn long buy laptops,-0.734355556
need queue long,-0.0625
program quite good,1.598495238
haiz ask go back department ask,0.0125
cos,0
canot cos,0
go lecture together,-0.070833333
taxi,0
uber,0
see,0.041666667
free  go ,0.742033333
free,0.729533333
part time job,0.028846154
tonight coming ,0.029761905
ok juz receive,0.967
ur lecture over,-0.083333333
lucky ka numbr msg,1.634666667
oi,0
abit scare,-1.1128
lucky nvr,1.634666667
happy unsatisfied,1.0625
weak coding,-1.057883333
weak terms bloodthings,-1.057883333
vomit blood,-0.041666667
okay okay,0.843
okie okay okay,0.843
yes successful,2.1408
haha serious loh,0.720466667
okay thanks much,1.7218
agree especially pretty girls,1.630242857
sian loh,0
sienz …,0
haiz,0
tmr im free wednesday ok,1.049333333
thequeue got rejected blood test haha,-0.24517381
hope overlookyour cheque,1.0058
lol  xd gao xiu,1.53
like chaotic,-0.6058
phone plan buy,0.125
thequeue got rejected blood test haha,-0.24517381
im efficient one haha,1.6506
group work nice,0.860857143
bad,-1.727457143
b average grade,0.027777778
wahahaha,0
promised emo leh,0.7224
dun emo,0
emo,0
thing make emo,0.025085034
worries pls,-0.5349
worry …,-0.6933
okay,0.4526
reject sienz liao,-1.3038
reject sad liao,-2.0256
must study harder liao,-0.145833333
must study harder liao,-0.145833333
worried,-1.4045
haha nvm,0.9176
break nicely reach,1.139822222
flexible,0.5776
hey paiseh assignment lia,0
oic,0
ohhhh see,0.041666667
good,1.493895238
best best,2.6928125
ure unlucky,-0.625
everything good,1.493895238
never forsaken,-0.75
haha efficient,1.4006
forsaken,0
thnks,0
wear nice nice,1.9366
ya see know dl,0.041666667
okay go eat first,1.0901
walao cool,0.4489
smart causal,1.0538
really kind,1.5168
would appreciate send scanned copiesasap,0.968085714
efficient,0.843
hey guys,0
another thing forgot put text citation,-0.111111111
think well rehearse bestpresentation demo first,1.447092308
best presentation,1.8988
best assignment,1.6306125
blessed,1.1363
wa angry sing ying,-1.354533333
great honour,2.298616667
blessed birthday girl,1.1613
wrong emoji,-1.550622222
mad,-0.9878
hope miss us,0.594733333
wow gambateh,1.0468
angry,-1.354533333
awesome ,1.2498
menang samasama kalah samasama,0
corrupted,-0.21875
best actress ever,1.8988
prayed lord grant joy wisdom  good memory beginning year,2.714820238
poor,-1.432566667
house poor,-1.432566667
rmb help print resume okay thanks,1.9533
suuppperrr prreeetttyyyyy,0
bad,-1.727457143
woohoo welcome back fay,1.486
organizing christian fellowship convention held saturday,0.236111111
loved whatsapp new colors,1.830902273
beloved boys,1.05245
daebak,0
dun worry pls help,0.3016
see nervousness jens,-0.550333333
hahagood know youths talented,1.165139394
great job well done,2.037558974
feeling much better,1.693166484
cheerful reminder tmr dress code,1.730433333
congratulations mun yee,1.5113
congratulations sis,1.5113
congratulations bro,1.5113
guys thanks wishes,1.2721
wisk good day,1.543895238
today good days,1.606395238
guess treat friend,1.7442
haha great good job,2.558608059
invite friend join us,1.5118
btw great performance,1.616466667
btw great assignment,1.541466667
thankiu everyone,0
reported banned,-0.8551
hapy brthdy dost,0
cant find pc,0.0078125
kristen must enjoying time,1.6034
work harder,0.017857143
finally father lost patience said sternly,-0.602309091
young kept finding ways interrupt,-0.815179924
well done excellent,1.772446154
failed database already,-0.8962
answer wrong question,-1.550622222
lost many mark,-0.880339394
lost many marks,-0.880339394
lost  marks,-0.880339394
lost whole page,-0.713672727
computer lost,-0.863672727
prosper,0
great birthday celebration,1.583133333
haha thx www,1.341
satisfied,1.0305
tgifwg,0
keep,-0.028409091
good ah,1.493895238
yea,0.25
oh,0
kk,0.7224
makes shirt look ugly cause skinny liao,-0.787781633
go ahead,0.048214286
great testimony,1.708133333
think got better vision glasseshaha,1.754752381
learn lot,-0.071428571
jia ah wei,0
thx ww,0.7224
better let,1.2864
tmr morning busy,0
me ntg reunion,0
ntg happens,0
else sienz emo,0
everyone go back hometown reunion shuang,0.0125
cheer ww,0.8337
sienz,0
gamble happy tgt,1.7063
sohai,0
good,1.493895238
boring,-0.6364
final study hard,-0.563733333
else fail coursework,-1.0846
web page failed,-1.305290909
database failed,-1.305290909
code cannot run,0.021341463
gonna fail,-1.368690909
tried yr best know,3.0238
see improve,1.297466667
better separate ba else yrs cant run gg,0.6612
got error,-0.954097619
sienz,0
like tat,0.4724
sienz,0
kinda stres,0
 dangerous already ,-1.5159
nned,0
need safe assign,1.0058
nice,1.418
geng leh,0
jia youu,0
see part  easy wor,1.026633333
something like tat,0.4724
team work tgt,0.017857143
okay help,1.1773
upload,0
slow,-0.041666667
got grammar problem,-1.08505
hard defend barce,-0.3929
n,0
moree convienent,0
best good luck,2.809041071
got problem ill let know,-1.811643939
even paraphase need,-0.0625
citation,0.020833333
pass tmr,0
theyre sexyyyyyy,0
think need submit hardcopy,0.147115385
thats good,1.493895238
paiseh ah,0
sad wey,-1.5784
roger,0
hmm,0
tau tmr free,0.729533333
nice,1.418
cool,0.4489
thanks,0.8808
okok,0
nope,0
ok thanks,1.6248
great,1.541466667
ok noted thanks,1.8748
yeah,0.592
sure,0.6364
noted,0.0625
god bless,1.23005
cv correct,0
really sure,1.165022222
hi,0
hello,0
cause sometime system give feedback fast,0.016666667
wrote wrong,-1.550622222
see,0.041666667
done,-0.028846154
tc,-0.0625
help night,0.819425
cannot fight alone need fight long time,0.121661111
talk nonsense,-0.8538
beh tahan beh song,0
alone cannot solve problem,-0.463466667
got depression,-1.283383333
got depression,-1.283383333
stress,-0.868
suddenly crying,-1.114114286
quite interesting,1.2902
need money already,0.041666667
sb dun get,0
hope fine,1.060466667
tike feel serious already,-0.218502564
early time realize ur concentrate nice,1.051333333
cannot concentrate,-0.015625
keep stuck ur feel mind,-0.260551948
sometime try express ur feel,-0.472222222
feel emo lai play game,0.760213904
may igot depression pik cik theart ppl,-1.2938
nope,0
nth responsibility,0.166666667
know eh,0.102272727
feel fk,0.125
stress…,0
honest,1.0212
erm,0
say need money buy,0.073863636
got angry meh,-1.437716667
sorry  today mood good,1.439195238
oo okay,0.4526
happy birthday,1.7063
thankiew,0
present,0
cannot present,-0.009615385
next week present,-0.041666667
today present,0
esterday service cause overslep,-0.025
 hard explian,-0.3929
keep praying,0.693990909
unterstood worries,-0.6555
write testimonies perspective,0.166666667
say quite tough study,-0.810669697
struggling,-0.9055
pm like,0.7224
guess update contact list,-0.083333333
nvm lah finish,0.069444444
oic good sch dinner haha,2.032295238
anyway forward sms,0.05
hopefully,1.0538
haha efficient,1.4006
prob,0
thinktheyre inside desktop hardisk crashed,-0.125
need new password,-0.060606061
meet,0
welcome,1.2301
done,-0.028846154
innovative,1.4433
help,0.8663
wan,0
wonderful creation,2.1506
encourage bring along friends,1.5762
simple hard looks,-0.491114286
thank sry inconvenience,-0.708333333
inconvienience,0
great week ahead,1.577180952
im super anxious,0.6933
super inconvience,1.365466667
excited,0.6175
thats cool thats cool,1.1148
nia sing,0
,0
tomorrow holiday,0.7413
handsome heart,2.2877
hahahaha,0
shy,-0.5
playing well,1.313635165
winning,1.20965
goh nervous,-0.7464
make mistakes,-0.764066667
song touched friend heart,1.791866667
appreciated,1.0962
remain pm better,1.2864
beloved,1.0212
weakest,-1.198283333
tq,0
oh better,1.501335714
final winner,1.0468
internship failed already,-1.180290909
thanks lot,0.809371429
great hear quite well,2.207158974
quite well,1.077492308
keep great work,1.530914719
glad hear,1.07385
guy double check,0.002747253
feeling bless,1.040430769
learn sparring forgot every bad thing already,-1.748290476
today car exam pass fail,-1.0221
laugh,1.2398
today feel normal xd,1.222280769
sry yesterday overslep,0
write malaysia youth lack interest sport,0.361752381
lack money,-0.6364
stress ppl beside still keep ask answer,-1.146409091
dun become weary good,1.423945238
gift friendship,1.6506
hate,-1.3938
super hate,0.019866667
hope fail,-0.264533333
oo,0
believe best,1.9988
go,0.0125
sure yet,0.561455556
need help,0.8038
ohoic,0
hope see next week,0.922466667
great inspiration,1.989366667
